30,POZO LAZARO CARDENAS,DLDUR725-181118,DLDUR725-181118,1,VALLE DEL GUADIANA,8.82,0.1813,124.27,5.1226,18.9913,18.2319,120.19,38.38, ,0.440141724,0.014918741,5.405447897,0.131018484,0.395421421,0.514299013,1.969811197,1.279162778, ,0.220070862,0.00745937,5.405447897,0.131018484,0.19771071,0.514299013,1.969811197,0.639581389,sodium,bicarbonate,sodium-bicarbonate, ,3.796783751,-2.788907815,0.930916364,0.519449874,-0.436550055,-1.7794382,-0.654559105,,4.020800383,4.619108102,0.007653807,9.73E-06,0.992336468,,3.644701368,-0.438834394,0.906835817,0.000955648,0.092208535,,-1.171916455,-3.668848635,0.007682194,0.991435794,0.000882012,,2.969706356,-5.439875906,9.46E-06,0.999006441,0.000984098,,2.395192308,1.26803195,0.005444672,0.084258269,0.91029706,,1.41007624,0.672835437,0.036073974,0.606443784,0.357482242,,1.313833811,-2.422555562,0.005329265,0.94861275,0.046057985,,1.541702713,-0.618821396,0.087182608,0.868487547,0.044329845,,0.230542955,0.000243708,0.745694676,0.023518661,sodium,sodium,,0.011711978,0.194471165,0.681849339,0.111967518,bicarbonate,bicarbonate,sodium-bicarbonate,sodium bicarbonate,,18.05706881,imbalance too high
31,POZO DIECISEIS DE SEPTIEMBRE,DLDUR728-270518,DLDUR728-270518,1,VALLE DEL GUADIANA,2.237,0.2343,221,1.275,44.0614,25.6516,108.15,133.9, ,0.111632317,0.019279984,9.612971636,0.032610113,0.917410677,0.723599436,1.772485905,4.462738302, ,0.055816158,0.009639992,9.612971636,0.032610113,0.458705339,0.723599436,1.772485905,2.231369151,sodium,carbonate,sodium-carbonate, ,3.589908467,-3.315039956,2.371206252,-0.272579318,-0.728409252,-1.624309585,-1.854541923,,5.16224272,3.169170795,0.000439248,1.36E-05,0.999547189,,1.668424664,-1.348106797,0.938000268,0.021110299,0.040889433,,-1.739408644,-5.675242427,0.000513998,0.999465593,2.04E-05,,1.030829072,-6.741655702,1.16E-05,0.999964214,2.41E-05,,1.967781436,0.82721578,0.014713563,0.171275268,0.81401117,,1.724922476,0.200837964,0.026996948,0.371719559,0.601283493,,0.390199193,-2.209309838,0.012350348,0.765763739,0.221885913,,0.56344257,-0.588401005,0.152737241,0.641199163,0.206063596,,0.234738379,0.005283876,0.749744249,0.010233496,sodium,sodium,,0.013515215,0.173933017,0.555243518,0.257308251,bicarbonate,bicarbonate-carbonate,sodium-bicarbonate,sodium bicarbonate-carbonate,,10.76468005,imbalance too high
32,POZO DIECISEIS DE SEPTIEMBRE,DLDUR728-271019,DLDUR728-271019,1,VALLE DEL GUADIANA,2.87,0.12,222,2.652,49.4077,26.0345,163.08,56.16, ,0.14322072,0.009874511,9.656469245,0.067829036,1.028726993,0.734400564,2.672741576,1.871750433, ,0.07161036,0.004937256,9.656469245,0.067829036,0.514363496,0.734400564,2.672741576,0.935875217,sodium,bicarbonate,sodium-bicarbonate, ,4.257534113,-3.321039592,1.637353402,-0.388586441,-0.744710842,-2.036516266,-0.987138386,,5.266195641,4.174286054,0.000624365,3.17E-06,0.999372465,,2.906817873,-0.563305247,0.897891844,0.003359704,0.098748451,,-1.181429467,-5.173258903,0.000679633,0.999242826,7.75E-05,,2.491218105,-6.630545845,2.68E-06,0.999906957,9.04E-05,,2.029340935,1.228005434,0.010177905,0.089910916,0.899911179,,0.847086429,0.850923246,0.070680362,0.702103232,0.227216406,,1.665753648,-1.919284935,0.009978446,0.963027496,0.026994058,,1.802108926,-0.416136361,0.09868271,0.873324043,0.027993247,,0.22479896,0.000841389,0.749630562,0.024729089,sodium,sodium,,0.022709178,0.222674215,0.68406568,0.070550928,bicarbonate,bicarbonate,sodium-bicarbonate,sodium bicarbonate,,22.0560461,imbalance too high
33,POZO DIECISEIS DE SEPTIEMBRE,DLDUR728-181118,DLDUR728-181118,1,VALLE DEL GUADIANA,2.632,0.1591,205.17,1.8645,45.8337,30.0581,142.41,101, ,0.131343879,0.013091956,8.924404482,0.047687495,0.954312068,0.847901269,2.333977973,3.366217838, ,0.06567194,0.006545978,8.924404482,0.047687495,0.477156034,0.847901269,2.333977973,1.683108919,sodium,bicarbonate,sodium-bicarbonate, ,4.011033119,-3.206660916,2.025214752,-0.277959589,-0.852880237,-1.865445411,-1.538513945,,5.073768546,3.732829508,0.00069929,7.34E-06,0.99929337,,2.378119072,-1.005447985,0.93595238,0.007081887,0.056965733,,-1.529484693,-5.28991796,0.000785263,0.999168428,4.63E-05,,1.784515002,-6.605119381,6.15E-06,0.999939287,5.46E-05,,2.181837675,0.947541168,0.009658287,0.142493979,0.847847734,,1.48884245,0.609184158,0.033323464,0.572803478,0.393873058,,0.958168712,-2.228524232,0.009230172,0.901474054,0.089295774,,1.136742821,-0.435327405,0.146252263,0.768089828,0.085657909,,0.234359233,0.001773844,0.749600271,0.014266651,sodium,sodium,,0.013052981,0.21538743,0.629352904,0.142206685,bicarbonate,bicarbonate,sodium-bicarbonate,sodium bicarbonate,,9.712526553,acceptable
34,POZO COL. HIDALGO,DLDUR746-200518,DLDUR746-200518,1,VALLE DEL GUADIANA,6.954,0.8762,149.2,7.553,32.2507,21.4402,203.415,40.47, ,0.347023305,0.072100391,6.489843294,0.193179755,0.671497876,0.604801128,3.333797692,1.348820157, ,0.173511652,0.036050195,6.489843294,0.193179755,0.335748938,0.604801128,3.333797692,0.674410079,sodium,bicarbonate,sodium-bicarbonate, ,2.618805331,-2.574276048,0.940096489,0.387353943,-0.201182075,-1.908149765,-0.310120735,,4.016563491,2.70531943,0.002763425,0.000119222,0.997117353,,1.784808459,-0.06824228,0.678768502,0.025890242,0.295341257,,-0.453883353,-3.8418448,0.002925842,0.995759189,0.001314969,,1.773884504,-4.66934688,0.000115605,0.998447104,0.001437291,,2.101668382,1.638451771,0.00654151,0.04422991,0.949228581,,0.880657477,0.569297701,0.08281308,0.592577734,0.324609186,,1.747205831,-2.148839329,0.006363345,0.971450739,0.022185915,,1.917812179,-0.845881326,0.046923918,0.930250167,0.022825915,,0.171114442,0.006531267,0.747830912,0.074523379,sodium,sodium,,0.023929484,0.17093289,0.712732372,0.092405254,bicarbonate,bicarbonate,sodium-bicarbonate,sodium bicarbonate,,8.752961667,acceptable
24,POZO COVADONGA,DLDUR692-231218,DLDUR692-231218,1,PEÃ‘ON BLANCO,3.361,0.8761,149.9,1.1,57.9009,21.5146,100.28,61.04, ,0.16772294,0.072092162,6.520291621,0.028134216,1.205565503,0.606899859,1.643503343,2.034395414, ,0.08386147,0.036046081,6.520291621,0.028134216,0.602782752,0.606899859,1.643503343,1.017197707,sodium,bicarbonate,sodium-bicarbonate, ,2.324319118,-2.873557114,2.572130796,-0.492439586,-0.499246534,-1.495468161,-1.015689513,,4.270605614,1.978644373,0.001176571,0.000217388,0.998606041,,0.459901954,-1.843038206,0.847006471,0.12838617,0.024607359,,-1.985830149,-5.204225789,0.001397332,0.998568045,3.46E-05,,-0.30796344,-5.833480204,0.000205658,0.999754473,3.99E-05,,1.276609971,0.942951719,0.041382969,0.139546265,0.819070766,,0.634140913,0.321280798,0.133476142,0.492320239,0.374203619,,0.991558127,-1.335314087,0.040521645,0.861534213,0.097944142,,1.072930486,-0.47312072,0.14357909,0.761154107,0.095266803,,0.212395094,0.032202304,0.74923214,0.006170463,sodium,sodium,,0.053845189,0.193861398,0.610439772,0.141853641,bicarbonate,bicarbonate,sodium-bicarbonate,sodium bicarbonate,,10.57023019,imbalance too high
25,POZO COVADONGA,DLDUR692-210615,DLDUR692-210615,1,PEÃ‘ON BLANCO,2.017,0.6021,85.05,0.3609,50.1682,22.29,106.53,58.29, ,0.100653725,0.049545361,3.699471663,0.00923058,1.044561506,0.62877292,1.745935492,1.942740968, ,0.050326863,0.024772681,3.699471663,0.00923058,0.522280753,0.62877292,1.745935492,0.971370484,sodium,bicarbonate,sodium-bicarbonate, ,2.366818152,-2.639385689,3.354037682,-0.681645678,-0.867210568,-1.888486184,-1.302148339,,3.939722137,1.750243511,0.001901451,0.000460517,0.997638032,,0.048612741,-2.755163749,0.836605393,0.157988205,0.005406402,,-2.828380743,-5.388406824,0.002323311,0.997665047,1.16E-05,,-1.219183027,-6.040952974,0.000417278,0.99956888,1.38E-05,,1.68887953,0.973134011,0.021071851,0.135540194,0.843387955,,0.819737566,0.629967505,0.086636581,0.618679847,0.294683571,,1.248814356,-1.644306792,0.020899891,0.919036999,0.060063109,,1.358751918,-0.353614552,0.144326849,0.79655691,0.059116241,,0.210207539,0.0397165,0.74871799,0.001357972,sodium,sodium,,0.032152081,0.224636723,0.639745466,0.10346573,bicarbonate,bicarbonate,sodium-bicarbonate,sodium bicarbonate,,16.30109387,imbalance too high
26,POZO COVADONGA,DLDUR692-220614,DLDUR692-220614,1,PEÃ‘ON BLANCO,2.952,2.633,122.7,1.157,63.33,23,108,51.4, ,0.14731274,0.216663238,5.33715665,0.029592079,1.318605813,0.648801128,1.770027534,1.713104919, ,0.07365637,0.108331619,5.33715665,0.029592079,0.659302907,0.648801128,1.770027534,0.85655246,sodium,bicarbonate,sodium-bicarbonate, ,1.333870185,-2.563381074,2.631560514,-0.472115821,-0.456058988,-1.459683128,-0.733848311,,3.924030646,0.593647298,0.001048333,0.002124532,0.996827135,,-0.876286793,-1.791782458,0.354652663,0.625614332,0.019733006,,-1.67993919,-5.073378152,0.001288648,0.998654338,5.70E-05,,-1.343605721,-5.076095358,0.002056125,0.997879487,6.44E-05,,1.153088568,0.960917934,0.04965444,0.134524521,0.815821039,,0.380080809,0.398821987,0.178981322,0.518695611,0.302323067,,1.164469001,-1.144623575,0.050378814,0.874665805,0.074955381,,1.228912582,-0.420697322,0.141744123,0.784538994,0.073716883,,0.089247411,0.157448747,0.74834024,0.004963602,sodium,sodium,,0.069753644,0.198741064,0.61875646,0.112748833,bicarbonate,bicarbonate,sodium-bicarbonate,sodium bicarbonate,,2.505846482,acceptable
27,POZO COVADONGA,DLDUR692-040916,DLDUR692-040916,1,PEÃ‘ON BLANCO,2.912,0.7337,128,0.7133,52.9689,24.99,79,78, ,0.145316633,0.060374409,5.567693979,0.01824376,1.102875406,0.70493653,1.294742363,2.59965338, ,0.072658316,0.030187204,5.567693979,0.01824376,0.551437703,0.70493653,1.294742363,1.29982669,sodium,carbonate,sodium-carbonate, ,2.396136265,-2.82118184,2.899731299,-0.508974473,-0.754553371,-1.362512607,-1.366431819,,4.158126098,1.982813702,0.001447571,0.000252195,0.998300234,,0.38235511,-2.251060931,0.868013885,0.119670231,0.012315884,,-2.382855945,-5.301626567,0.001745451,0.998234183,2.04E-05,,-0.63385071,-5.989955233,0.000233939,0.999742303,2.38E-05,,1.410241221,0.560121029,0.041059278,0.246844048,0.712096674,,1.0091595,0.393747777,0.076004358,0.512795929,0.411199712,,0.574058182,-1.443467822,0.040977085,0.771249394,0.187773521,,0.686032673,-0.236447166,0.233123579,0.605755547,0.161120874,,0.217801727,0.030039091,0.74906918,0.003090002,sodium,sodium,,0.03951018,0.248190889,0.522275404,0.190023527,bicarbonate,bicarbonate,sodium-bicarbonate,sodium bicarbonate,,0.777991769,excellent
28,POZO COVADONGA,DLDUR692-200518,DLDUR692-200518,1,PEÃ‘ON BLANCO,3.01,0.8242,135.9,1.042,46.7459,25.524,128.865,44.73, ,0.150207096,0.067821436,5.911325092,0.026650775,0.973305155,0.72,2.11198702,1.490801227, ,0.075103548,0.033910718,5.911325092,0.026650775,0.486652578,0.72,2.11198702,0.745400613,sodium,bicarbonate,sodium-bicarbonate, ,2.332037679,-2.82885649,2.572950573,-0.331781668,-0.723482405,-1.799615692,-0.758153002,,4.27373004,1.933909586,0.001142041,0.000229467,0.998628492,,0.425573158,-1.788715745,0.834016416,0.138828219,0.027155365,,-1.925123112,-5.189601659,0.001350005,0.998612463,3.75E-05,,-0.300356856,-5.791455609,0.00021727,0.999739665,4.31E-05,,1.764257826,1.028636468,0.0179961,0.124287714,0.857716187,,0.663466332,0.823255684,0.09268754,0.692170262,0.215142198,,1.518239967,-1.611909746,0.018596905,0.943978542,0.037424553,,1.644181274,-0.283626846,0.13321152,0.830427987,0.036360494,,0.209127116,0.034818739,0.749245155,0.006808991,sodium,sodium,,0.032320136,0.237417374,0.658030679,0.072231811,bicarbonate,bicarbonate,sodium-bicarbonate,sodium bicarbonate,,7.508764004,acceptable
29,POZO COVADONGA,DLDUR692-130817,DLDUR692-130817,1,PEÃ‘ON BLANCO,2.976,0.8136,149.4,0.8116,41.9188,28.7925,110.635,36.54, ,0.148510405,0.066949187,6.498542816,0.020757936,0.8727992,0.812200282,1.813212928,1.217837622, ,0.074255202,0.033474594,6.498542816,0.020757936,0.4363996,0.812200282,1.813212928,0.608918811,sodium,bicarbonate,sodium-bicarbonate, ,2.27963854,-2.988907954,2.757496674,-0.288133043,-0.909321668,-1.712430354,-0.621259649,,4.41537729,1.970823597,0.000899793,0.000180125,0.998920082,,0.35044294,-2.010227066,0.840163742,0.141041244,0.018795014,,-2.128246174,-5.449457965,0.001076213,0.9989034,2.04E-05,,-0.483786875,-6.069158362,0.000175451,0.999801213,2.33E-05,,1.843205787,0.764034897,0.018645896,0.187875427,0.793478677,,0.643856972,1.122827695,0.072697611,0.786526763,0.140775626,,1.554549605,-1.522799963,0.021113,0.943255479,0.035631521,,1.698229343,0.037538308,0.20030319,0.768150838,0.031545972,,0.210534937,0.035349205,0.749406174,0.004709684,sodium,sodium,,0.028114127,0.293676345,0.626221249,0.05198828,bicarbonate,bicarbonate-chloride,sodium-bicarbonate,sodium bicarbonate-chloride,,17.62941002,imbalance too high
45,POZO BLANCO 2,DLGUA1103-160619,DLGUA1103-160619,1,LAGUNA SECA,14.36,2.91,146.5,22.76,48.3514,18.1114,307.09,57.78, ,0.716602625,0.239456902,6.372399749,0.582122496,1.006733572,0.510899859,5.032942179,1.925743234, ,0.358301312,0.119728451,6.372399749,0.582122496,0.503366786,0.510899859,5.032942179,0.962871617,sodium,bicarbonate,sodium-bicarbonate, ,1.920296939,-2.054208196,0.338842308,0.484204107,0.469349608,-1.81823681,-0.164396879,,3.266275713,2.015959581,0.007458104,0.000815257,0.991726639,,1.402358678,0.46004064,0.408364387,0.042295645,0.549339968,,0.152474156,-2.88578794,0.007610634,0.981653534,0.010735832,,1.721389919,-3.413954143,0.000807601,0.987730551,0.011461849,,1.600845545,2.203993095,0.009094228,0.015935414,0.974970358,,0.624646227,-0.206112254,0.157103226,0.284252152,0.558644622,,1.640621442,-2.020642483,0.008533647,0.963780027,0.027686327,,1.751481087,-1.571333983,0.016660582,0.953943483,0.029395935,,0.105858281,0.010979626,0.740277681,0.142884412,sodium,sodium,,0.043682775,0.079212037,0.723173467,0.153931721,bicarbonate,bicarbonate,sodium-bicarbonate,sodium bicarbonate,,3.45237385,acceptable
46,RANCHO DE GUADALUPE 2,DLGUA1104-310716,DLGUA1104-310716,1,LAGUNA SECA,1.529,0.1052,175.2,7.727,58.9614,19.77,235.44,73.44, ,0.076301213,0.008656655,7.620781134,0.197630076,1.227646373,0.557686883,3.858660024,2.447673644, ,0.038150606,0.004328328,7.620781134,0.197630076,0.613823186,0.557686883,3.858660024,1.223836822,sodium,bicarbonate,sodium-bicarbonate, ,4.465203787,-3.008249158,0.643988016,-0.48932192,-0.393412667,-2.327690262,-1.179361142,,5.464803221,3.705747437,0.000337635,4.45E-06,0.999657916,,2.912089888,1.023178218,0.330299154,0.003058702,0.666642144,,0.383607567,-4.644620927,0.000357041,0.998850997,0.000791962,,3.519013195,-5.731832683,3.29E-06,0.999078335,0.000918375,,1.971710762,1.856999402,0.006723319,0.029933057,0.963343625,,0.820093096,0.382388126,0.100181233,0.515432034,0.384386733,,1.824480745,-2.14683348,0.006050153,0.974694435,0.019255412,,1.919572604,-1.054200054,0.033689968,0.94378137,0.022528662,,0.082748457,0.00076661,0.749396812,0.16708812,sodium,sodium,,0.028238676,0.144763765,0.720454857,0.106542702,bicarbonate,bicarbonate,sodium-bicarbonate,sodium bicarbonate,,1.177226769,acceptable
47,RANCHO DE GUADALUPE 2,DLGUA1104-060714,DLGUA1104-060714,1,LAGUNA SECA,1.779,0.968,179.7,8.914,64.35,20.6,228.9,75, ,0.088776885,0.079654392,7.816520375,0.227989452,1.339843425,0.581100141,3.751475023,2.499666711, ,0.044388443,0.039827196,7.816520375,0.227989452,0.669921712,0.581100141,3.751475023,1.249833356,sodium,bicarbonate,sodium-bicarbonate, ,2.578397142,-2.701047631,0.833647773,-0.244213719,-0.101975963,-1.966957242,-0.867818367,,4.975324273,1.397764243,0.000237886,0.000176561,0.999585553,,0.577310335,0.899071307,0.171219568,0.102108805,0.726671627,,0.710276207,-4.625951285,0.000268953,0.998621955,0.001109092,,1.577806684,-4.666973945,0.000144553,0.998615565,0.001239882,,1.611133654,1.796785542,0.01271565,0.033220197,0.954064152,,0.680710921,0.097488103,0.136527685,0.3986214,0.464850915,,1.544664513,-1.8762506,0.011656438,0.954416331,0.033927231,,1.623330366,-1.150780057,0.036047571,0.925842801,0.038109628,,0.042931602,0.02560748,0.749205768,0.18225515,sodium,sodium,,0.040224943,0.116972292,0.708580821,0.134221943,bicarbonate,bicarbonate,sodium-bicarbonate,sodium bicarbonate,,0.249348423,excellent
48,RANCHO DE GUADALUPE 2,DLGUA1104-160619,DLGUA1104-160619,1,LAGUNA SECA,1.567,0.0751,137.3,10.23,55.902,21.8266,189.39,115.56, ,0.078197515,0.006179798,5.972221745,0.261648205,1.163946031,0.615700987,3.10393995,3.851486468, ,0.039098757,0.003089899,5.972221745,0.261648205,0.581973016,0.615700987,3.10393995,1.925743234,sodium,bicarbonate,sodium-bicarbonate, ,4.802959611,-2.763776209,0.364097208,-0.435326002,-0.491663356,-2.109329456,-1.631969188,,5.198202614,4.019544706,0.000650311,4.26E-06,0.99934543,,3.409898489,1.28498869,0.273409025,0.001193333,0.725397642,,0.54499988,-4.16037775,0.000670178,0.99731789,0.002011932,,4.036237743,-5.415221071,2.97E-06,0.997655463,0.002341569,,2.035187794,1.539445064,0.007907275,0.052632167,0.939460558,,1.312599157,0.211188862,0.051714231,0.413056537,0.535229232,,1.196892662,-2.317633391,0.006873389,0.93519132,0.057935291,,1.317129237,-1.000605354,0.056534612,0.878111473,0.065353915,,0.068682379,0.00030014,0.748579696,0.182437786,sodium,sodium,,0.016623724,0.130555829,0.688190838,0.164629609,bicarbonate,bicarbonate,sodium-bicarbonate,sodium bicarbonate,,16.05510321,imbalance too high
49,RANCHO DE GUADALUPE 2,DLGUA1104-170917,DLGUA1104-170917,1,LAGUNA SECA,2.281,0.1451,292.96,12.882,54.4311,22.5994,238.26,58.52, ,0.113828035,0.01193993,12.74305959,0.329477241,1.133320147,0.637500705,3.904877409,1.950406612, ,0.056914018,0.005969965,12.74305959,0.329477241,0.566660073,0.637500705,3.904877409,0.975203306,sodium,bicarbonate,sodium-bicarbonate, ,4.341818268,-3.32418272,0.331052058,-0.211200269,-0.328996046,-2.141422331,-0.754086631,,5.812738099,3.879787522,0.000196508,2.20E-06,0.999801291,,3.080739792,1.375473571,0.217370296,0.0018165,0.780813204,,0.714593437,-4.78795644,0.00020597,0.998936586,0.000857444,,3.895132807,-5.871602582,1.75E-06,0.999028437,0.000969815,,1.974299632,1.737873667,0.007407906,0.037043351,0.955548743,,0.711094442,0.562819203,0.105107341,0.592704708,0.302187951,,1.908506055,-2.03259533,0.00694118,0.976167434,0.016891385,,2.020341707,-0.880029155,0.041145563,0.939904926,0.01894951,,0.054443193,0.000455112,0.749441579,0.195660116,sodium,sodium,,0.029864107,0.167723405,0.717905276,0.084507212,bicarbonate,bicarbonate,sodium-bicarbonate,sodium bicarbonate,,26.75802106,imbalance too high
50,RANCHO DE GUADALUPE 2,DLGUA1104-090613,DLGUA1104-090613,1,LAGUNA SECA,1.515,0.4248,195.5,8.995,62.5496,23.4502,212,67.84, ,0.075602575,0.03495577,8.503782601,0.230061154,1.302356958,0.661500705,3.474498492,2.261031862, ,0.037801287,0.017477885,8.503782601,0.230061154,0.651178479,0.661500705,3.474498492,1.130515931,sodium,bicarbonate,sodium-bicarbonate, ,3.281166206,-2.90616377,0.703757427,-0.336681181,-0.352408464,-2.011102843,-0.888326798,,5.349088141,2.193010273,0.000184597,3.75E-05,0.999777908,,1.385411704,1.106079173,0.178909038,0.027745192,0.79334577,,0.760885276,-4.764483433,0.00020466,0.998865244,0.000930096,,2.374640841,-5.129745129,2.94E-05,0.99892095,0.001049614,,1.765121267,1.595036595,0.011718886,0.047602698,0.940678416,,0.690089625,0.430421242,0.116999549,0.538004264,0.344996187,,1.663084191,-1.865230764,0.010964947,0.961613961,0.027421092,,1.753727952,-0.854678377,0.052263987,0.917145031,0.030590983,,0.044824574,0.006953031,0.749391026,0.19883137,sodium,sodium,,0.034920846,0.159467737,0.704859352,0.100752065,bicarbonate,bicarbonate,sodium-bicarbonate,sodium bicarbonate,,6.921111023,acceptable
51,RANCHO DE GUADALUPE 2,DLGUA1104-091218,DLGUA1104-091218,1,LAGUNA SECA,1.169,0.0888,179.8,7.792,57.096,24.6378,232.17,67.58, ,0.058336244,0.007307138,7.820870136,0.199292552,1.18880653,0.69500141,3.805067523,2.252366351, ,0.029168122,0.003653569,7.820870136,0.199292552,0.594403265,0.69500141,3.805067523,1.126183176,sodium,bicarbonate,sodium-bicarbonate, ,4.595577474,-3.073269064,0.596508176,-0.496275952,-0.652631841,-2.352806982,-1.13530744,,5.70651068,3.664278812,0.000212403,3.37E-06,0.999784225,,2.889270576,1.238021779,0.247928701,0.002708931,0.749362368,,0.59860001,-4.799968004,0.000225787,0.999019997,0.000754215,,3.664673979,-5.826852028,2.42E-06,0.999122362,0.000875217,,2.17050694,1.632437618,0.005876251,0.044717763,0.949405986,,0.862881501,0.749058453,0.074945488,0.66445982,0.260594691,,1.937532376,-2.164883427,0.005416173,0.979013452,0.015570375,,2.053193194,-0.734207762,0.050494383,0.93154563,0.017959987,,0.062091723,0.000678681,0.749481646,0.18774795,sodium,sodium,,0.021559478,0.189917991,0.714991267,0.073531263,bicarbonate,bicarbonate,sodium-bicarbonate,sodium bicarbonate,,0.902001778,excellent
52,RANCHO DE GUADALUPE 1,DLGUA1105-310716,DLGUA1105-310716,1,LAGUNA SECA,1.687,0.1873,176.6,2.094,62.7209,18.8,221.4,77.76, ,0.084185838,0.015412467,7.681677787,0.053557316,1.305923628,0.530324401,3.628556444,2.591654446, ,0.042092919,0.007706233,7.681677787,0.053557316,0.652961814,0.530324401,3.628556444,1.295827223,sodium,bicarbonate,sodium-bicarbonate, ,3.811440104,-3.093123641,1.87271722,-0.628049026,-0.420019273,-2.343120551,-1.313434929,,5.183476535,3.120217235,0.000411557,1.40E-05,0.999574401,,1.855979213,-0.590079153,0.842530512,0.020897543,0.136571945,,-1.022861768,-5.31300405,0.000465356,0.999462819,7.18E-05,,1.667540077,-6.289806949,1.13E-05,0.999903675,8.50E-05,,1.847455885,1.846427924,0.00830584,0.030480463,0.961213697,,0.785757448,0.260846587,0.111116298,0.464485846,0.424397856,,1.726336717,-2.066832649,0.00743261,0.969120119,0.023447271,,1.81422572,-1.093079866,0.034294967,0.938526215,0.027178818,,0.210851856,0.005230718,0.749735224,0.034182202,sodium,sodium,,0.031713687,0.132315319,0.717215008,0.118755986,bicarbonate,bicarbonate,sodium-bicarbonate,sodium bicarbonate,,1.39463492,acceptable
53,RANCHO DE GUADALUPE 1,DLGUA1105-090613,DLGUA1105-090613,1,LAGUNA SECA,1.943,0.5683,177.6,3.668,69.1094,20.1002,207.76,55.12, ,0.096960926,0.04676404,7.725175396,0.093814821,1.438939785,0.56700141,3.405008522,1.837088388, ,0.048480463,0.02338202,7.725175396,0.093814821,0.719469893,0.56700141,3.405008522,0.918544194,sodium,bicarbonate,sodium-bicarbonate, ,2.898202657,-2.902069792,1.508847169,-0.528344666,-0.290191777,-2.082832707,-0.772620004,,4.970422585,2.046252747,0.000340422,7.63E-05,0.999583274,,0.929237648,-0.096515854,0.565958316,0.100315698,0.333725986,,-0.345361335,-5.023653905,0.000388566,0.999394846,0.000216588,,1.232157134,-5.460272323,6.43E-05,0.999688155,0.000247516,,1.530842217,1.728760939,0.015330243,0.037441109,0.947228648,,0.349022357,0.372752662,0.188696578,0.506513619,0.304789803,,1.863575425,-1.626212847,0.014367206,0.96570984,0.019922955,,1.922037632,-0.918939315,0.041684791,0.935729117,0.022586092,,0.141671826,0.025114083,0.749666569,0.083547522,sodium,sodium,,0.054598507,0.14640988,0.712166901,0.086824713,bicarbonate,bicarbonate,sodium-bicarbonate,sodium bicarbonate,,4.698498906,acceptable
54,RANCHO DE GUADALUPE 1,DLGUA1105-170917,DLGUA1105-170917,1,LAGUNA SECA,1.228,0.1486,221.98,2.9293,63.2522,20.3837,184.73,87.29, ,0.061280503,0.012227937,9.655599293,0.074921416,1.316985925,0.57499859,3.02756654,2.909278763, ,0.030640252,0.006113968,9.655599293,0.074921416,0.658492962,0.57499859,3.02756654,1.454639381,sodium,bicarbonate,sodium-bicarbonate, ,4.04779556,-3.316921662,1.541931824,-0.631582232,-0.495995986,-2.157142852,-1.424141699,,5.72556205,3.166610303,0.000156896,6.29E-06,0.999836818,,1.984810018,0.04499424,0.657373568,0.01862071,0.324005722,,-0.418803338,-5.548519821,0.000177907,0.99973548,8.66E-05,,2.223373076,-6.435470042,4.86E-06,0.999892944,0.000102197,,1.807422692,1.588052538,0.011004518,0.048217822,0.940777661,,0.906809138,0.28755121,0.092447479,0.471686114,0.435866406,,1.466558203,-2.002772115,0.009892288,0.95200494,0.038102771,,1.557301085,-0.931291305,0.053410426,0.903407252,0.043182322,,0.164427093,0.004657964,0.749866311,0.081048633,sodium,sodium,,0.028336071,0.14332859,0.699047463,0.129287875,bicarbonate,bicarbonate,sodium-bicarbonate,sodium bicarbonate,,11.20180984,imbalance too high
55,RANCHO DE GUADALUPE 1,DLGUA1105-090815,DLGUA1105-090815,1,LAGUNA SECA,7.18,1.433,162.4,3.727,95.67523,20.7,279.74,31.52, ,0.358301312,0.117918124,7.064011736,0.095323838,1.992071916,0.583921016,4.584699095,1.050526596, ,0.179150656,0.058959062,7.064011736,0.095323838,0.996035958,0.583921016,4.584699095,0.525263298,sodium,bicarbonate,sodium-bicarbonate, ,2.25478757,-2.531137497,1.774350995,-0.572152452,-0.038134819,-2.098848847,0.06773125,,3.83439884,2.161411779,0.002873797,0.000310999,0.996815203,,0.956817237,-1.072233359,0.838056327,0.080449828,0.081493845,,-1.297228757,-4.28913816,0.003181479,0.99652919,0.000289331,,0.512010873,-4.971011464,0.000301722,0.999373748,0.00032453,,1.102518102,2.000703063,0.024266049,0.022784914,0.952949037,,-0.555312663,0.509780783,0.448282932,0.424143354,0.127573713,,2.559133503,-1.045784168,0.023591312,0.970250888,0.0061578,,2.560982027,-0.915350235,0.025479555,0.967479882,0.007040562,,0.211027901,0.020265637,0.748179535,0.020526926,sodium,sodium,,0.124035073,0.118101956,0.722669952,0.035193019,bicarbonate,bicarbonate,sodium-bicarbonate,sodium bicarbonate,,3.632686547,acceptable
56,RANCHO DE GUADALUPE 1,DLGUA1105-160619,DLGUA1105-160619,1,LAGUNA SECA,1.637,0.1741,132.3,5.044,56.2506,21.3622,191.53,100.58, ,0.081690703,0.01432627,5.754733699,0.129008167,1.171204297,0.602600846,3.139012718,3.352219704, ,0.040845352,0.007163135,5.754733699,0.129008167,0.585602149,0.602600846,3.139012718,1.676109852,sodium,bicarbonate,sodium-bicarbonate, ,3.961825322,-2.727004968,1.070897369,-0.441867553,-0.470481952,-2.12089053,-1.493457744,,4.928049924,3.10604969,0.000650912,2.03E-05,0.999328789,,2.235584122,0.399167027,0.533981683,0.011772432,0.454245885,,-0.111753672,-4.516607657,0.000706776,0.998681777,0.000611448,,2.546753577,-5.437593191,1.53E-05,0.999272709,0.000712037,,1.953315833,1.576719108,0.008763388,0.049265538,0.941971075,,1.163169172,0.217931059,0.064887399,0.427141715,0.507970886,,1.293107107,-2.212481903,0.007739992,0.942385598,0.04987441,,1.407689378,-0.999815677,0.053259005,0.890802222,0.055938773,,0.133834843,0.002951996,0.749320819,0.113892342,sodium,sodium,,0.020347695,0.132416565,0.693789724,0.153446017,bicarbonate,bicarbonate,sodium-bicarbonate,sodium bicarbonate,,16.042902,imbalance too high
57,RANCHO DE GUADALUPE 1,DLGUA1105-041118,DLGUA1105-041118,1,LAGUNA SECA,1.381,0.17,187.39,2.0433,51.3407,23.7976,216.14,76.76, ,0.068915615,0.013988891,8.15101699,0.052260584,1.068974348,0.671300423,3.542349548,2.558325557, ,0.034457807,0.006994446,8.15101699,0.052260584,0.534487174,0.671300423,3.542349548,1.279162778,sodium,bicarbonate,sodium-bicarbonate, ,3.875386582,-3.185395054,1.864260489,-0.460804806,-0.688713833,-2.352042572,-1.333458135,,5.411218343,3.071853374,0.000264614,1.09E-05,0.999724441,,1.800079279,-0.450044427,0.80366623,0.023919026,0.172414744,,-0.875396972,-5.493363933,0.000301488,0.999636856,6.17E-05,,1.734695005,-6.411730637,8.71E-06,0.999918435,7.29E-05,,2.217253867,1.593860147,0.00562125,0.047879838,0.946498912,,1.076821034,0.607832965,0.061167255,0.600773976,0.338058769,,1.704629276,-2.289579349,0.005145351,0.971562807,0.023291842,,1.843393609,-0.796745367,0.053565996,0.920317194,0.026116809,,0.201058083,0.00598467,0.749819933,0.043137314,sodium,sodium,,0.017983464,0.175554953,0.709594728,0.096866855,bicarbonate,bicarbonate,sodium-bicarbonate,sodium bicarbonate,,2.760764937,acceptable
58,RANCHO DE GUADALUPE 1,DLGUA1105-110318,DLGUA1105-110318,1,LAGUNA SECA,1.483,0.2191,195.85,2.2685,48.8228,24.1202,177.6,103.68, ,0.074005689,0.018029212,8.519006764,0.058020425,1.01654868,0.680400564,2.910711944,3.455539261, ,0.037002844,0.009014606,8.519006764,0.058020425,0.50827434,0.680400564,2.910711944,1.727769631,sodium,bicarbonate,sodium-bicarbonate, ,3.68929556,-3.16191332,1.827346605,-0.342879625,-0.634539973,-2.088011268,-1.566444909,,5.352624291,2.862453517,0.000263065,1.56E-05,0.99972135,,1.6102518,-0.417038707,0.775513327,0.033199399,0.191287274,,-0.806847329,-5.451406879,0.000302193,0.99962744,7.04E-05,,1.597475204,-6.273783113,1.25E-05,0.999904731,8.28E-05,,2.13869277,1.38250539,0.007572868,0.069187946,0.923239186,,1.384870946,0.35817427,0.044015463,0.471147524,0.484837014,,1.16738033,-2.334868509,0.006797971,0.932377587,0.060824442,,1.319268063,-0.826399814,0.073802261,0.861062229,0.06513551,,0.194019646,0.008306873,0.74981338,0.047860101,sodium,sodium,,0.014596575,0.153534433,0.679169751,0.152699241,bicarbonate,bicarbonate,sodium-bicarbonate,sodium bicarbonate,,3.620918803,acceptable
129,ESTANCIA LA COLORADA,DLZAC2659-080215,DLZAC2659-080215,1,GUADALUPE DE LAS CORRIENTES,4.772,0.836,509.4,33.32,191.32826,50.92,610.65,124.2, ,0.238135636,0.06879243,22.15768213,0.852210966,3.983681602,1.436389281,10.00803068,4.139448074, ,0.119067818,0.034396215,22.15768213,0.852210966,1.991840801,1.436389281,10.00803068,2.069724037,sodium,bicarbonate,sodium-bicarbonate, ,3.560107151,-2.907885864,0.350219566,-0.498760842,-0.171834126,-2.113089444,-0.537116888,,5.342405521,2.689264761,0.000244141,1.98E-05,0.999736049,,1.988908711,1.428414909,0.13705303,0.00856338,0.85438359,,0.973887218,-4.487825594,0.000261176,0.997964111,0.001774713,,3.043106701,-5.057146093,1.55E-05,0.997993737,0.001990747,,1.49771795,1.874873649,0.01429904,0.028837765,0.956863195,,0.144875874,0.439551186,0.232703766,0.517673002,0.249623232,,2.12417309,-1.558366398,0.013437882,0.974068441,0.012493677,,2.163330908,-0.962019772,0.03234909,0.953098527,0.014552383,,0.034389587,0.002149677,0.748923474,0.214537263,sodium,sodium,,0.065110172,0.144714964,0.721007541,0.069167323,bicarbonate,bicarbonate,sodium-bicarbonate,sodium bicarbonate,,8.742745797,acceptable
130,ESTANCIA LA COLORADA,DLZAC2659-010919,DLZAC2659-010919,1,GUADALUPE DE LAS CORRIENTES,3.237,0.6645,608.2,25.17,203.4686,55.9259,616.2,28.44, ,0.161535007,0.054680107,26.45524592,0.643762005,4.2364579,1.577599436,10.09899043,0.947873617, ,0.080767503,0.027340053,26.45524592,0.643762005,2.11822895,1.577599436,10.09899043,0.473936808,sodium,bicarbonate,sodium-bicarbonate, ,3.535863002,-3.338993961,0.37688669,-0.814119828,-0.519443836,-2.37597495,0.683141793,,6.020683731,2.697356936,7.11E-05,7.73E-06,0.99992117,,1.856405781,1.606821566,0.097777059,0.008612718,0.893610224,,1.188583858,-5.115520095,7.68E-05,0.999134603,0.000788577,,3.134470299,-5.586439803,6.30E-06,0.999121421,0.000872274,,1.401916794,1.818568997,0.017506504,0.031826819,0.950666677,,-1.168715341,1.647644774,0.342763771,0.639118366,0.018117863,,3.648190447,-0.752713572,0.017697419,0.981446035,0.000856546,,3.634506901,-0.160842528,0.036125953,0.962854381,0.001019666,,0.024481244,0.002156689,0.749544299,0.223817769,sodium,sodium,,0.094491923,0.176767785,0.723741773,0.004998519,bicarbonate,bicarbonate,sodium-bicarbonate,sodium bicarbonate,,23.66503867,imbalance too high
131,ESTANCIA LA COLORADA,DLZAC2659-091016,DLZAC2659-091016,1,GUADALUPE DE LAS CORRIENTES,3.369,0.5647,664.7,33.67,311.6582,59.41,551.18,169.26, ,0.168122162,0.046467805,28.91286084,0.861162762,6.489093862,1.675881523,9.033368297,5.641247834, ,0.084061081,0.023233902,28.91286084,0.861162762,3.244546931,1.675881523,9.033368297,2.820623917,sodium,bicarbonate,sodium-bicarbonate, ,4.00060011,-3.125829151,0.387929112,-0.938518363,-0.277881952,-1.962467953,-0.798500751,,5.858429656,2.85999185,0.00010436,7.81E-06,0.999887826,,2.132734702,1.619735079,0.106426385,0.005720324,0.887853292,,1.127916849,-4.911066546,0.00011344,0.998850435,0.001036125,,3.342155401,-5.500824189,5.68E-06,0.998810111,0.001184205,,1.11616495,1.623431584,0.032494276,0.044472475,0.923033248,,-0.061260529,0.377372065,0.30255974,0.468852071,0.228588188,,1.91731795,-1.159524584,0.030510528,0.949822475,0.019666996,,1.902913416,-0.800437456,0.050956926,0.925564146,0.023478928,,0.026661046,0.001433456,0.749387093,0.222518405,sodium,sodium,,0.091391136,0.141070368,0.699604967,0.067933528,bicarbonate,bicarbonate,sodium-bicarbonate,sodium bicarbonate,,13.53258556,imbalance too high
132,ESTANCIA LA COLORADA,DLZAC2659-291017,DLZAC2659-291017,1,GUADALUPE DE LAS CORRIENTES,4.514,0.6692,461.4,25.98,242.5813,62.236,540.8,83.2, ,0.225260742,0.055066859,20.06979689,0.664479018,5.050830765,1.755599436,8.863248984,2.772963605, ,0.112630371,0.027533429,20.06979689,0.664479018,2.525415383,1.755599436,8.863248984,1.386481802,sodium,bicarbonate,sodium-bicarbonate, ,3.693899971,-2.897670472,0.510297547,-0.824859987,-0.461264787,-2.080367829,-0.225223891,,5.304702074,2.853568751,0.000285738,1.68E-05,0.999697424,,2.103417375,1.208964949,0.199281974,0.008911891,0.791806135,,0.736522413,-4.531835024,0.000305479,0.998371411,0.00132311,,2.997803221,-5.207464494,1.30E-05,0.998496444,0.001490541,,1.305366198,1.570368955,0.02508434,0.049170617,0.925745042,,-0.39689896,0.957288214,0.291585268,0.618889595,0.089525137,,2.514839969,-1.038432421,0.024651075,0.968655698,0.006693227,,2.518091387,-0.440447027,0.056012968,0.936183398,0.007803634,,0.049968298,0.002235436,0.74914132,0.198654947,sodium,sodium,,0.085330171,0.181018295,0.707646035,0.026005499,bicarbonate,bicarbonate,sodium-bicarbonate,sodium bicarbonate,,6.518348237,acceptable
133,ESTANCIA LA COLORADA,DLZAC2659-270518,DLZAC2659-270518,1,GUADALUPE DE LAS CORRIENTES,3.055,0.5707,632.6,30.15,246.64,71.4672,684.7,106.6, ,0.152452717,0.046961531,27.51658759,0.771133272,5.13533772,2.016,11.22164678,3.552859619, ,0.076226359,0.023480765,27.51658759,0.771133272,2.56766886,2.016,11.22164678,1.776429809,sodium,bicarbonate,sodium-bicarbonate, ,3.922303361,-3.144059339,0.430623734,-0.77226876,-0.530385681,-2.247114992,-0.403875956,,5.91666723,2.766776972,8.92E-05,8.15E-06,0.999902614,,2.011985192,1.625632571,0.100657314,0.006758577,0.892584108,,1.159325544,-4.989117072,9.70E-05,0.998962177,0.000940839,,3.25789598,-5.523444421,6.04E-06,0.998926206,0.001067757,,1.584676778,1.664593915,0.014822021,0.041987725,0.943190254,,-0.141669099,0.992245274,0.216234338,0.679188877,0.104576785,,2.544614914,-1.346377289,0.014295354,0.979731578,0.005973068,,2.573044626,-0.512919257,0.047918285,0.945036082,0.007045633,,0.025210884,0.001693191,0.749447749,0.223648176,sodium,sodium,,0.061337928,0.192273722,0.716989479,0.029398871,bicarbonate,bicarbonate,sodium-bicarbonate,sodium bicarbonate,,13.0150828,imbalance too high
134,ESTANCIA LA COLORADA,DLZAC2659-091218,DLZAC2659-091218,1,GUADALUPE DE LAS CORRIENTES,4.62,0.7779,712.6,34.2,246.1051,71.9422,741.2,95.92, ,0.230550427,0.06401152,30.99639632,0.874718338,5.124200466,2.029399154,12.14763341,3.196907079, ,0.115275213,0.03200576,30.99639632,0.874718338,2.562100233,2.029399154,12.14763341,1.59845354,sodium,bicarbonate,sodium-bicarbonate, ,3.73089982,-3.144810518,0.422913775,-0.651766894,-0.418679334,-2.208073938,-0.179976192,,5.740772904,2.832714585,0.000127474,9.52E-06,0.99986301,,2.050763887,1.472384198,0.130828918,0.007494384,0.861676698,,1.007515009,-4.864141318,0.00013741,0.99886438,0.00099821,,3.166570448,-5.453009874,7.44E-06,0.998871678,0.001120884,,1.535687725,1.735666765,0.015123263,0.036988646,0.947888091,,-0.254827347,0.98057793,0.247031517,0.655476421,0.097492062,,2.636148034,-1.291185447,0.014706648,0.980200449,0.005092903,,2.664862777,-0.552096457,0.041923108,0.95212943,0.005947461,,0.03277345,0.001877834,0.749399767,0.215948948,sodium,sodium,,0.069215357,0.183597044,0.720054493,0.027133107,bicarbonate,bicarbonate,sodium-bicarbonate,sodium bicarbonate,,17.68543999,imbalance too high
