,identification,Ca,Mg,Na,K,SO4,Cl,HCO3,CO3,Ca_mmol,Mg_mmol,Na_mmol,K_mmol,SO4_mmol,Cl_mmol,HCO3_mmol,CO3_mmol,GMC,7 hlr (b),7 hlr (b+h),Catboost (b),Catboost (b+h),SVM-L (b),SVM-L (b+h),SVM-P (b),SVM-P (b+h),SVM-RBF (b),SVM-RBF (b+h)
0,DLAGU42-190415,33.68,1.5430000000000001,33.33,7.015,17.44278,16.15,103.4,13.2,0.840361295,0.06348488,1.449775315,0.179419566,0.181589698,0.455571227,1.694637472,0.219970671,Na-HCO3,Na-HCO3,Na-Ca-HCO3,Na-HCO3,Na-HCO3,Na-HCO3,Na-HCO3,Na-HCO3,Na-HCO3,Na-HCO3,Na-HCO3
1,DLBAJ83-080315,22.16,9.546,91.0,3.2230000000000003,26.048000000000002,51.21,108.87,13.37,0.5529218020000001,0.392758692,3.958282438,0.082433252,0.27117514800000003,1.4445698169999999,1.784286089,0.222803626,Na-HCO3,Na-HCO3,Na-HCO3-Cl,Na-HCO3,Na-HCO3,Na-HCO3,Na-HCO3,Na-HCO3,Na-HCO3,Na-HCO3,Na-HCO3
2,DLCAM227-130915,155.3,17.86,20.22,3.0,13.9319,54.2,174.24,39.6,3.8749438589999996,0.734828225,0.8795216579999999,0.07672967900000001,0.14503935199999998,1.5289139630000002,2.855644421,0.659912012,Ca-HCO3,Ca-HCO3,Ca-HCO3-Cl,Ca-HCO3,Ca-HCO3,Ca-HCO3,Ca-HCO3,Ca-HCO3,Ca-HCO3,Ca-HCO3,Ca-HCO3
3,DLCAM244-130915,71.54,16.62,20.71,2.467,134.0457,64.06,233.64,57.42,1.7850192130000002,0.683809916,0.900835487,0.063097373,1.395495336,1.807052186,3.829159565,0.956872417,Ca-HCO3,Ca-HCO3,Ca-HCO3-Cl,Ca-HCO3,Ca-HCO3,Ca-HCO3,Ca-HCO3,Ca-HCO3,Ca-HCO3,Ca-HCO3,Ca-HCO3
4,DLCHI306-190415,13.35,5.928,73.91,2.658,21.58585,9.6,143.1,16.96,0.333100454,0.243900432,3.214908297,0.067982495,0.22472151699999998,0.270803949,2.3452864819999997,0.282628983,Na-HCO3,Na-HCO3,Na-HCO3,Na-HCO3,Na-HCO3,Na-HCO3,Na-HCO3,Na-HCO3,Na-HCO3,Na-HCO3,Na-HCO3
5,DLCHI326M1-180617,4.495,0.2494,184.4,0.7781,68.8107,14.1446,270.0,32.4,0.112156295,0.010261263,8.020959139,0.019901121,0.716360248,0.39900141,4.425068834,0.53992801,Na-HCO3,Na-HCO3,Na-HCO3,Na-HCO3,Na-HCO3,Na-HCO3,Na-HCO3,Na-HCO3,Na-HCO3,Na-HCO3,Na-HCO3
6,DLCHI379-170917,20.9,0.7554,103.8,1.6909999999999998,90.995,36.868,101.05,30.1,0.521483108,0.031080025,4.5150518360000005,0.043249962,0.947311985,1.04,1.656122984,0.5015997870000001,Na-HCO3,Na-HCO3,Na-Ca-HCO3-Cl,Na-HCO3,Na-Ca-HCO3,Na-HCO3,Na-HCO3,Na-HCO3,Na-HCO3,Na-HCO3,Na-HCO3
7,DLCHI387-260415,14.48,2.3369999999999997,82.96,1.8459999999999999,30.71632,13.72,138.86,14.84,0.361295474,0.096153055,3.60856166,0.047214329000000006,0.319775131,0.387023977,2.275796512,0.24730036,Na-HCO3,Na-HCO3,Na-HCO3,Na-HCO3,Na-HCO3,Na-HCO3,Na-HCO3,Na-HCO3,Na-HCO3,Na-HCO3,Na-HCO3
8,DLCHI387-100618,10.59,2.294,75.71,1.8619999999999999,28.5058,17.1011,69.3,90.2,0.26423474199999997,0.094383872,3.293203993,0.047623554000000005,0.296762305,0.482400564,1.135767667,1.503132916,Na-CO3,Na-HCO3,Na-HCO3-CO3,Na-CO3,Na-CO3,Na-CO3,Na-CO3,Na-CO3,Na-CO3,Na-CO3,Na-CO3
9,DLCHI390-250617,9.433,0.4896,50.09,1.2890000000000001,17.3962,10.1387,90.3,25.8,0.23536603600000003,0.020144003,2.178795245,0.032968185,0.181104772,0.28600000000000003,1.4799396880000002,0.42994267399999997,Na-HCO3,Na-HCO3,Na-Ca-HCO3,Na-HCO3,Na-HCO3,Na-HCO3,Na-HCO3,Na-HCO3,Na-HCO3,Na-HCO3,Na-HCO3
10,DLCHI395-260616,4.3580000000000005,1.0170000000000001,240.83,6.9635,201.7535,57.37,330.21,29.54,0.108737961,0.041843242,10.47552923,0.178102373,2.10037374,1.618335684,5.411859184,0.492267698,Na-HCO3,Na-HCO3,Na-HCO3,Na-HCO3,Na-HCO3,Na-HCO3,Na-HCO3,Na-HCO3,Na-HCO3,Na-HCO3,Na-HCO3
11,DLCHI395-260415,5.271,1.54,254.1,6.041,243.67754,58.08,307.4,31.8,0.131518539,0.063361448,11.0527425,0.15450799699999998,2.536827892,1.6383638930000002,5.038022814,0.5299293429999999,Na-HCO3,Na-HCO3,Na-HCO3,Na-HCO3,Na-HCO3,Na-HCO3,Na-HCO3,Na-HCO3,Na-HCO3,Na-HCO3,Na-HCO3
12,DLCHI395-250617,4.993,1.3090000000000002,312.9,6.312,135.82299999999998,60.3501,349.92,43.2,0.124582065,0.053857231,13.61040192,0.161439244,1.4139980840000002,1.702400564,5.734889208999999,0.719904013,Na-HCO3,Na-HCO3,Na-HCO3,Na-HCO3,Na-HCO3,Na-HCO3,Na-HCO3,Na-HCO3,Na-HCO3,Na-HCO3,Na-HCO3
13,DLCHI395-261014,6.3629999999999995,1.608,373.9,6.627999999999999,235.95,62.2,300.4,20.2,0.158765407,0.066159226,16.26375608,0.169521437,2.456379612,1.754583921,4.923298807,0.336621784,Na-HCO3,Na-HCO3,Na-HCO3,Na-HCO3,Na-HCO3,Na-HCO3,Na-HCO3,Na-HCO3,Na-HCO3,Na-HCO3,Na-HCO3
14,DLCHI395-100618,4.707,1.318,291.6,7.35,179.2044,66.0504,326.975,28.7,0.11744598,0.054227525,12.68390285,0.187987713,1.865624219,1.863198872,5.358840304,0.478269564,Na-HCO3,Na-HCO3,Na-HCO3,Na-HCO3,Na-HCO3,Na-HCO3,Na-HCO3,Na-HCO3,Na-HCO3,Na-HCO3,Na-HCO3
15,DLCOA456-220516,1.635,0.5324,363.1,3.283,12.9397,26.12,533.6,60.32,0.040795449,0.021904958,15.793981900000002,0.083967845,0.134709961,0.736812412,8.745247147999999,1.005199307,Na-HCO3,Na-HCO3,Na-HCO3,Na-HCO3,Na-HCO3,Na-HCO3,Na-HCO3,Na-HCO3,Na-HCO3,Na-HCO3,Na-HCO3
16,DLDUR5406-290418,10.03,0.2404,191.17,1.6459,111.9017,18.2497,204.82,16.72,0.25026198899999996,0.009890969,8.315437953,0.042096459,1.1649631459999998,0.514801128,3.356824439,0.278629516,Na-HCO3,Na-HCO3,Na-Ca-HCO3,Na-HCO3,Na-HCO3,Na-HCO3,Na-HCO3,Na-HCO3,Na-HCO3,Na-HCO3,Na-HCO3
17,DLDUR5809-270119,10.48,0.1396,55.05,1.41,21.1716,21.8514,69.55,25.68,0.261490094,0.005743674,2.3945433869999997,0.036062949,0.220408928,0.616400564,1.139864953,0.427942941,Na-HCO3,Na-HCO3,Na-Ca-HCO3-Cl,Ca-HCO3,Ca-Na-HCO3,Na-HCO3,Na-HCO3,Na-HCO3,Na-HCO3,Na-HCO3,Na-HCO3
18,DLDUR638-111118,7.419,0.1677,240.59,1.5545,41.2193,10.6846,271.69,26.26,0.185114028,0.006899815,10.4650898,0.039758762,0.42911739,0.301399154,4.452766487,0.43760831899999997,Na-HCO3,Na-HCO3,Na-HCO3,Na-HCO3,Na-HCO3,Na-HCO3,Na-HCO3,Na-HCO3,Na-HCO3,Na-HCO3,Na-HCO3
19,DLDUR638-030917,6.189,0.1214,198.8,1.169,47.7455,13.7369,274.835,37.62,0.15442387300000002,0.004994857,8.647324711,0.029898998,0.49705900700000005,0.387500705,4.504310345,0.6269164110000001,Na-HCO3,Na-HCO3,Na-HCO3,Na-HCO3,Na-HCO3,Na-HCO3,Na-HCO3,Na-HCO3,Na-HCO3,Na-HCO3,Na-HCO3
20,DLDUR643-030917,9.43,0.5174,129.5,0.922,22.4101,9.3056,180.785,37.62,0.235291182,0.021287801000000002,5.632940392999999,0.023581587999999997,0.233302449,0.262499295,2.9629113680000003,0.6269164110000001,Na-HCO3,Na-HCO3,Na-Ca-HCO3,Na-HCO3,Na-HCO3,Na-HCO3,Na-HCO3,Na-HCO3,Na-HCO3,Na-HCO3,Na-HCO3
21,DLDUR643-270518,10.52,0.5814,123.5,0.6912,22.4095,14.9457,170.98,47.38,0.26248814800000003,0.023921004,5.3719547379999995,0.017678518,0.23329620199999998,0.421599436,2.802215812,0.7895613920000001,Na-HCO3,Na-HCO3,Na-Ca-HCO3,Na-HCO3,Na-HCO3,Na-HCO3,Na-HCO3,Na-HCO3,Na-HCO3,Na-HCO3,Na-HCO3
22,DLDUR644-030917,10.64,0.1652,111.8,0.7987,13.9593,11.0781,176.605,25.08,0.26548230899999997,0.006796955,4.86303271,0.020427998,0.145324602,0.312499295,2.894404746,0.417944274,Na-HCO3,Na-HCO3,Na-Ca-HCO3,Na-HCO3,Na-HCO3,Na-HCO3,Na-HCO3,Na-HCO3,Na-HCO3,Na-HCO3,Na-HCO3
23,DLDUR692-231218,3.361,0.8761,149.9,1.1,57.9009,21.5146,100.28,61.04,0.08386147,0.036046081,6.520291621,0.028134216,0.602782752,0.606899859,1.6435033430000001,1.017197707,Na-HCO3,Na-HCO3,Na-HCO3,Na-HCO3,Na-HCO3,Na-HCO3,Na-HCO3,Na-HCO3,Na-HCO3,Na-HCO3,Na-HCO3
24,DLDUR692-210615,2.017,0.6021,85.05,0.3609,50.1682,22.29,106.53,58.29,0.050326863,0.024772681,3.699471663,0.00923058,0.522280753,0.62877292,1.7459354919999999,0.971370484,Na-HCO3,Na-HCO3,Na-HCO3,Na-HCO3,Na-Ca-HCO3,Na-HCO3,Na-HCO3,Na-HCO3,Na-HCO3,Na-HCO3,Na-HCO3
25,DLDUR692-220614,2.952,2.633,122.7,1.157,63.33,23.0,108.0,51.4,0.07365637,0.108331619,5.33715665,0.029592079,0.659302907,0.648801128,1.770027534,0.85655246,Na-HCO3,Na-HCO3,Na-HCO3,Na-HCO3,Na-HCO3,Na-HCO3,Na-HCO3,Na-HCO3,Na-HCO3,Na-HCO3,Na-HCO3
26,DLDUR692-040916,2.912,0.7337,128.0,0.7133,52.9689,24.99,79.0,78.0,0.072658316,0.030187204,5.5676939789999995,0.01824376,0.551437703,0.70493653,1.294742363,1.29982669,Na-CO3,Na-HCO3,Na-HCO3,Na-HCO3,Na-HCO3-CO3,Na-HCO3,Na-HCO3-CO3,Na-HCO3,Na-HCO3-CO3,Na-HCO3,Na-HCO3-CO3
27,DLDUR692-200518,3.01,0.8242,135.9,1.042,46.7459,25.524,128.865,44.73,0.07510354799999999,0.033910718,5.911325092,0.026650775,0.48665257799999995,0.72,2.11198702,0.7454006129999999,Na-HCO3,Na-HCO3,Na-HCO3,Na-HCO3,Na-HCO3,Na-HCO3,Na-HCO3,Na-HCO3,Na-HCO3,Na-HCO3,Na-HCO3
28,DLDUR692-130817,2.9760000000000004,0.8136,149.4,0.8116,41.9188,28.7925,110.635,36.54,0.074255202,0.033474593999999996,6.4985428160000005,0.020757936,0.4363996,0.812200282,1.8132129280000002,0.608918811,Na-HCO3,Na-HCO3,Na-HCO3-Cl,Na-HCO3,Na-HCO3,Na-HCO3,Na-HCO3,Na-HCO3,Na-HCO3,Na-HCO3,Na-HCO3
29,DLDUR725-181118,8.82,0.1813,124.27,5.1226,18.9913,18.2319,120.19,38.38,0.220070862,0.00745937,5.405447897,0.131018484,0.19771071,0.5142990129999999,1.9698111969999998,0.639581389,Na-HCO3,Na-HCO3,Na-HCO3,Na-HCO3,Na-HCO3,Na-HCO3,Na-HCO3,Na-HCO3,Na-HCO3,Na-HCO3,Na-HCO3
30,DLDUR728-270518,2.237,0.2343,221.0,1.275,44.0614,25.6516,108.15,133.9,0.055816158,0.009639992,9.612971636000001,0.032610112999999996,0.458705339,0.723599436,1.772485905,2.231369151,Na-CO3,Na-HCO3,Na-HCO3-CO3,Na-CO3,Na-CO3,Na-CO3,Na-CO3,Na-CO3,Na-CO3-HCO3,Na-CO3,Na-CO3
31,DLDUR728-271019,2.87,0.12,222.0,2.6519999999999997,49.4077,26.0345,163.08,56.16,0.07161036,0.004937256,9.656469245,0.067829036,0.514363496,0.7344005640000001,2.672741576,0.935875217,Na-HCO3,Na-HCO3,Na-HCO3,Na-HCO3,Na-HCO3,Na-HCO3,Na-HCO3,Na-HCO3,Na-HCO3,Na-HCO3,Na-HCO3
32,DLDUR728-181118,2.6319999999999997,0.1591,205.17,1.8645,45.8337,30.0581,142.41,101.0,0.06567194,0.006545978,8.924404482,0.047687495,0.477156034,0.8479012690000001,2.333977973,1.6831089190000001,Na-HCO3,Na-HCO3,Na-HCO3,Na-HCO3,Na-HCO3,Na-HCO3,Na-HCO3,Na-HCO3,Na-HCO3,Na-HCO3,Na-HCO3
33,DLDUR746-200518,6.954,0.8762,149.2,7.553,32.2507,21.4402,203.415,40.47,0.173511652,0.036050195,6.489843294,0.193179755,0.335748938,0.604801128,3.333797692,0.674410079,Na-HCO3,Na-HCO3,Na-HCO3,Na-HCO3,Na-HCO3,Na-HCO3,Na-HCO3,Na-HCO3,Na-HCO3,Na-HCO3,Na-HCO3
34,DLDUR760-140615,46.81,16.88,95.44,4.361000000000001,115.55937,27.68,275.01,30.9,1.167972454,0.694507303,4.151411823,0.111539376,1.203041663,0.780818054,4.507178445,0.514931342,Na-HCO3,Na-HCO3,Na-HCO3,Na-HCO3,Na-HCO3,Na-HCO3,Na-HCO3,Na-HCO3,Na-HCO3,Na-HCO3,Na-HCO3
35,DLEST860-060915,3.8160000000000003,9.661,27.96,8.496,13.41,19.22,122.5,19.6,0.095214332,0.39749022799999995,1.2161931540000002,0.21729845,0.139606063,0.5421720729999999,2.007670119,0.326623117,Na-HCO3,Na-HCO3,Na-HCO3,Na-HCO3,Na-HCO3,Na-HCO3,Na-HCO3,Na-HCO3,Na-HCO3,Na-HCO3,Na-HCO3
36,DLGUA1027-050317,10.156,2.665,144.496,8.745,68.56,35.0,185.0,30.0,0.253405859,0.10964822099999999,6.285230541000001,0.223667014,0.713750312,0.987306065,3.031991609,0.499933342,Na-HCO3,Na-HCO3,Na-HCO3,Na-HCO3,Na-HCO3,Na-HCO3,Na-HCO3,Na-HCO3,Na-HCO3,Na-HCO3,Na-HCO3
37,DLGUA1027-010516,2.06,5.232,131.238,8.325,67.21,37.0,200.0,4.0,0.05139977,0.215264349,5.708539237999999,0.212924859,0.6996960109999999,1.043723554,3.2778287660000003,0.066657779,Na-HCO3,Na-HCO3,Na-HCO3,Na-HCO3,Na-HCO3,Na-HCO3,Na-HCO3,Na-HCO3,Na-HCO3,Na-HCO3,Na-HCO3
38,DLGUA1033-010516,5.0969999999999995,10.109,179.42,9.83,112.02,29.0,152.0,2.0,0.127177005,0.41592265,7.804341045,0.251417581,1.16619472,0.818053597,2.491149862,0.033328889,Na-HCO3,Na-HCO3,Na-HCO3-SO4,Na-HCO3,Na-HCO3,Na-HCO3,Na-HCO3,Na-HCO3,Na-HCO3,Na-HCO3,Na-HCO3
39,DLGUA1038-230619,6.0520000000000005,1.49,207.3,4.731,115.2785,33.9008,256.8,38.52,0.151005539,0.061304258,9.01705439,0.121002703,1.20011764,0.956299013,4.208732136,0.641914411,Na-HCO3,Na-HCO3,Na-HCO3,Na-HCO3,Na-HCO3,Na-HCO3,Na-HCO3,Na-HCO3,Na-HCO3,Na-HCO3,Na-HCO3
40,DLGUA1038-170917,4.336,1.1420000000000001,215.7,3.781,108.1847,35.7584,240.555,36.54,0.10818903099999999,0.046986217000000004,9.382434307,0.09670497199999999,1.126266969,1.008699577,3.942490494,0.608918811,Na-HCO3,Na-HCO3,Na-HCO3,Na-HCO3,Na-HCO3,Na-HCO3,Na-HCO3,Na-HCO3,Na-HCO3,Na-HCO3,Na-HCO3
41,DLGUA1038-041118,5.92,1.462,233.4,4.815,107.1473,37.3962,261.59,34.34,0.147711962,0.060152232,10.15234199,0.12315113400000001,1.115467019,1.054899859,4.287236135,0.572257032,Na-HCO3,Na-HCO3,Na-HCO3,Na-HCO3,Na-HCO3,Na-HCO3,Na-HCO3,Na-HCO3,Na-HCO3,Na-HCO3,Na-HCO3
42,DLGUA1040-260415,186.2,37.29,219.86,16.14,606.65,81.0,578.0,6.0,4.645940416,1.5342522109999999,9.563384361,0.412805672,6.315586741000001,2.2849083219999997,9.472925134,0.099986668,Na-HCO3,Na-HCO3,Na-Ca-HCO3-SO4,Na-HCO3,Na-HCO3,Na-HCO3,Na-HCO3,Na-HCO3,Na-HCO3,Na-HCO3,Na-HCO3
43,DLGUA1051-160815,18.85,10.5,218.6,11.14,100.84911,11.34,316.41,39.8,0.470332851,0.432009875,9.508577374,0.284922874,1.049899121,0.319887165,5.185689,0.663244901,Na-HCO3,Na-HCO3,Na-HCO3,Na-HCO3,Na-HCO3,Na-HCO3,Na-HCO3,Na-HCO3,Na-HCO3,Na-HCO3,Na-HCO3
44,DLGUA1103-160619,14.36,2.91,146.5,22.76,48.3514,18.1114,307.09,57.78,0.35830131200000004,0.119728451,6.3723997489999995,0.582122496,0.5033667860000001,0.510899859,5.032942179,0.962871617,Na-HCO3,Na-HCO3,Na-HCO3,Na-HCO3,Na-HCO3,Na-HCO3,Na-HCO3,Na-HCO3,Na-HCO3,Na-HCO3,Na-HCO3
45,DLGUA1104-310716,1.5290000000000001,0.1052,175.2,7.727,58.9614,19.77,235.44,73.44,0.038150606000000004,0.004328328,7.620781134,0.19763007600000002,0.613823186,0.557686883,3.8586600239999997,1.223836822,Na-HCO3,Na-HCO3,Na-HCO3,Na-HCO3,Na-HCO3,Na-HCO3,Na-HCO3,Na-HCO3,Na-HCO3,Na-HCO3,Na-HCO3
46,DLGUA1104-060714,1.7790000000000001,0.968,179.7,8.914,64.35,20.6,228.9,75.0,0.044388443,0.039827196,7.816520375,0.22798945199999998,0.6699217120000001,0.5811001410000001,3.7514750230000002,1.249833356,Na-HCO3,Na-HCO3,Na-HCO3,Na-HCO3,Na-HCO3,Na-HCO3,Na-HCO3,Na-HCO3,Na-HCO3,Na-HCO3,Na-HCO3
47,DLGUA1104-160619,1.567,0.0751,137.3,10.23,55.902,21.8266,189.39,115.56,0.039098757000000005,0.003089899,5.972221745,0.261648205,0.5819730160000001,0.615700987,3.10393995,1.925743234,Na-HCO3,Na-HCO3,Na-HCO3,Ca-HCO3,Ca-Na-HCO3,Na-HCO3,Na-HCO3,Na-HCO3,Na-HCO3,Na-HCO3,Na-HCO3
48,DLGUA1104-170917,2.281,0.1451,292.96,12.882,54.4311,22.5994,238.26,58.52,0.056914018,0.005969965,12.74305959,0.32947724100000003,0.566660073,0.637500705,3.9048774089999996,0.9752033059999999,Na-HCO3,Na-HCO3,Na-HCO3,Na-HCO3,Na-HCO3,Na-HCO3,Na-HCO3,Na-HCO3,Na-HCO3,Na-HCO3,Na-HCO3
49,DLGUA1104-090613,1.515,0.4248,195.5,8.995,62.5496,23.4502,212.0,67.84,0.037801287,0.017477885,8.503782601000001,0.230061154,0.651178479,0.661500705,3.474498492,1.130515931,Na-HCO3,Na-HCO3,Na-HCO3,Na-HCO3,Na-HCO3,Na-HCO3,Na-HCO3,Na-HCO3,Na-HCO3,Na-HCO3,Na-HCO3
50,DLGUA1104-091218,1.169,0.0888,179.8,7.792000000000001,57.096000000000004,24.6378,232.17,67.58,0.029168122,0.003653569,7.820870136,0.19929255199999998,0.594403265,0.69500141,3.805067523,1.1261831759999998,Na-HCO3,Na-HCO3,Na-HCO3,Na-HCO3,Na-HCO3,Na-HCO3,Na-HCO3,Na-HCO3,Na-HCO3,Na-HCO3,Na-HCO3
51,DLGUA1105-310716,1.6869999999999998,0.1873,176.6,2.094,62.7209,18.8,221.4,77.76,0.042092919000000006,0.007706233000000001,7.681677787000001,0.053557315999999994,0.652961814,0.530324401,3.6285564439999995,1.2958272229999999,Na-HCO3,Na-HCO3,Na-HCO3,Na-HCO3,Na-HCO3,Na-HCO3,Na-HCO3,Na-HCO3,Na-HCO3,Na-HCO3,Na-HCO3
52,DLGUA1105-090613,1.943,0.5683,177.6,3.668,69.1094,20.1002,207.76,55.12,0.048480463,0.02338202,7.725175396,0.09381482099999999,0.719469893,0.56700141,3.4050085219999997,0.9185441940000001,Na-HCO3,Na-HCO3,Na-HCO3,Na-HCO3,Na-HCO3,Na-HCO3,Na-HCO3,Na-HCO3,Na-HCO3,Na-HCO3,Na-HCO3
53,DLGUA1105-170917,1.228,0.1486,221.98,2.9293,63.2522,20.3837,184.73,87.29,0.030640252000000003,0.006113968000000001,9.655599293,0.07492141599999999,0.6584929620000001,0.57499859,3.02756654,1.454639381,Na-HCO3,Na-HCO3,Na-HCO3,Na-HCO3,Na-HCO3,Na-HCO3,Na-HCO3,Na-HCO3,Na-HCO3,Na-HCO3,Na-HCO3
54,DLGUA1105-090815,7.18,1.433,162.4,3.727,95.67523,20.7,279.74,31.52,0.17915065600000002,0.058959062,7.064011736,0.09532383800000001,0.996035958,0.583921016,4.584699095,0.5252632979999999,Na-HCO3,Na-HCO3,Na-HCO3,Na-HCO3,Na-HCO3,Na-HCO3,Na-HCO3,Na-HCO3,Na-HCO3,Na-HCO3,Na-HCO3
55,DLGUA1105-160619,1.6369999999999998,0.1741,132.3,5.044,56.2506,21.3622,191.53,100.58,0.040845352,0.007163135,5.754733699,0.12900816699999998,0.585602149,0.602600846,3.139012718,1.676109852,Na-HCO3,Na-HCO3,Na-HCO3,Na-HCO3,Na-Ca-HCO3,Na-HCO3,Na-HCO3,Na-HCO3,Na-HCO3,Na-HCO3,Na-HCO3
56,DLGUA1105-041118,1.381,0.17,187.39,2.0433,51.3407,23.7976,216.14,76.76,0.034457807,0.006994446,8.15101699,0.052260584000000006,0.534487174,0.6713004229999999,3.5423495480000002,1.279162778,Na-HCO3,Na-HCO3,Na-HCO3,Na-HCO3,Na-HCO3,Na-HCO3,Na-HCO3,Na-HCO3,Na-HCO3,Na-HCO3,Na-HCO3
57,DLGUA1105-110318,1.483,0.2191,195.85,2.2685,48.8228,24.1202,177.6,103.68,0.037002844,0.009014606,8.519006764,0.058020425,0.50827434,0.680400564,2.9107119439999996,1.727769631,Na-HCO3,Na-HCO3,Na-HCO3,Na-HCO3,Na-HCO3,Na-HCO3,Na-HCO3,Na-HCO3,Na-HCO3,Na-HCO3,Na-HCO3
58,DLGUA1192-200414,60.93,16.16,199.42,9.57,164.0,46.0,249.0,44.0,1.5202854430000001,0.664883769,8.674293229,0.244767675,1.707337387,1.297602257,4.080896814,0.7332355690000001,Na-HCO3,Na-HCO3,Na-HCO3,Na-HCO3,Na-HCO3,Na-HCO3,Na-HCO3,Na-HCO3,Na-HCO3,Na-HCO3,Na-HCO3
59,DLGUA1192-210118,58.918,27.574,225.68200000000002,19.549,150.95,48.0,322.0,78.0,1.470083337,1.134499074,9.816627442,0.49999616399999997,1.5714791369999999,1.3540197459999999,5.277304313999999,1.29982669,Na-HCO3,Na-HCO3,Na-HCO3,Na-HCO3,Na-HCO3,Na-HCO3,Na-HCO3,Na-HCO3,Na-HCO3,Na-HCO3,Na-HCO3
60,DLGUA1192-010516,56.81,36.77,236.358,23.91,179.27,56.0,516.0,9.0,1.417485902,1.5128574369999999,10.28100792,0.61153554,1.866307154,1.579689704,8.456798217000001,0.149980003,Na-HCO3,Na-HCO3,Na-HCO3,Na-HCO3,Na-HCO3,Na-HCO3,Na-HCO3,Na-HCO3,Na-HCO3,Na-HCO3,Na-HCO3
61,DLGUA1194-211018,18.543,7.952000000000001,47.141999999999996,11.633,14.44,25.0,119.0,24.0,0.46267278799999995,0.327175478,2.0505642930000003,0.297532118,0.150328975,0.705218618,1.950308116,0.399946674,Na-HCO3,Na-HCO3,Na-HCO3,Na-HCO3,Na-HCO3,Na-HCO3,Na-HCO3,Na-HCO3,Na-HCO3,Na-HCO3,Na-HCO3
62,DLGUA1195-211018,34.01,16.570999999999998,47.657,10.482999999999999,14.88,37.0,183.0,16.0,0.8485952390000001,0.68179387,2.072965562,0.268119074,0.154909636,1.043723554,2.999213321,0.266631116,Na-HCO3,Na-HCO3,Na-HCO3-Cl,Na-HCO3,Na-HCO3,Na-HCO3,Na-HCO3,Na-HCO3,Na-HCO3,Na-HCO3,Na-HCO3
63,DLGUA6003-310319,6.584,4.638999999999999,107.2,8.565,23.1792,24.4073,148.35,66.65,0.164279655,0.190866077,4.662943707,0.219063233,0.241309236,0.688499295,2.4313294869999997,1.110685242,Na-HCO3,Na-HCO3,Na-HCO3,Na-HCO3,Na-HCO3,Na-HCO3,Na-HCO3,Na-HCO3,Na-HCO3,Na-HCO3,Na-HCO3
64,DLGUA6141-240319,3.016,0.3768,250.3,3.8339999999999996,105.7702,23.9288,278.425,51.6,0.07525325599999999,0.015502983,10.88745159,0.09806052900000001,1.10113059,0.67500141,4.563147371,0.859885349,Na-HCO3,Na-HCO3,Na-HCO3,Na-HCO3,Na-HCO3,Na-HCO3,Na-HCO3,Na-HCO3,Na-HCO3,Na-HCO3,Na-HCO3
65,DLGUA961-120415,44.09,5.224,180.9,7.961,207.94611,19.14,187.0,39.6,1.1001047959999999,0.214935199,7.868717506,0.20361499100000002,2.164842488,0.539915374,3.064769896,0.659912012,Na-HCO3,Na-HCO3,Na-Ca-HCO3-SO4,Na-HCO3,Na-HCO3,Na-HCO3,Na-HCO3,Na-HCO3,Na-HCO3,Na-HCO3,Na-HCO3
66,DLGUA989-251015,52.37,6.63,179.04,33.7,37.16,54.0,462.0,2.0,1.3067019309999999,0.272783378,7.787811952999999,0.861930058,0.386857666,1.5232722140000001,7.57178445,0.033328889,Na-HCO3,Na-HCO3,Na-HCO3,Na-HCO3,Na-HCO3,Na-HCO3,Na-HCO3,Na-HCO3,Na-HCO3,Na-HCO3,Na-HCO3
67,DLGUA996-060414,2.64,2.66,98.82,3.6,36.0,11.0,205.0,16.0,0.06587155,0.109442502,4.298433742,0.092075615,0.37478137799999994,0.31029619199999997,3.359774485,0.266631116,Na-HCO3,Na-HCO3,Na-HCO3,Na-HCO3,Na-HCO3,Na-HCO3,Na-HCO3,Na-HCO3,Na-HCO3,Na-HCO3,Na-HCO3
68,DLGUA996-251015,3.093,2.17,105.35,5.57,36.86,11.0,224.0,1.0,0.07717451,0.08928204099999999,4.58247313,0.142461437,0.383734488,0.31029619199999997,3.671168218,0.016664445,Na-HCO3,Na-HCO3,Na-HCO3,Na-HCO3,Na-HCO3,Na-HCO3,Na-HCO3,Na-HCO3,Na-HCO3,Na-HCO3,Na-HCO3
69,DLGUE1213-110318,57.1738,20.0614,106.288,9.1426,128.255,98.161,154.0,12.0,1.4265632019999999,0.825402181,4.623273888,0.233836254,1.33521071,2.76899859,2.52392815,0.199973337,Na-Cl,Na-Cl,Na-Cl-HCO3,Na-Cl,Na-Cl,Na-Cl,Na-Cl,Na-Cl,Na-Cl-HCO3,Na-Cl,Na-Cl
70,DLGUE1248-161016,71.6036,22.7219,41.8189,1.82972,141.99,76.43,234.0,20.0,1.7866061180000001,0.9348652540000001,1.81902217,0.046797943,1.478200217,2.155994358,3.8350596560000003,0.333288895,Na-HCO3,Ca-HCO3,Ca-Na-HCO3-Cl,Ca-HCO3,Ca-HCO3,Ca-HCO3,Ca-Na-HCO3,Ca-HCO3,Ca-Na-HCO3,Ca-HCO3,Ca-HCO3
71,DLHID1434-100814,79.19,25.9,105.8,24.1,343.07,63.1,192.0,12.0,1.9758970009999999,1.0656243570000001,4.602047055,0.616395086,3.571562422,1.779971791,3.1467156160000003,0.199973337,Na-SO4,Na-SO4,Na-SO4-HCO3,Na-SO4,Na-SO4,Na-SO4,Na-SO4,Na-SO4,Na-SO4,Na-SO4,Na-SO4
72,DLHID1498-110617,27.86,30.6,124.6,18.41,80.5824,90.82,268.75,4.4,0.695144468,1.2590002059999998,5.419802108,0.47086446200000004,0.838910635,2.561918195,4.404582405,0.073323557,Na-HCO3,Na-HCO3,Na-HCO3-Cl,Na-HCO3,Na-HCO3,Na-HCO3,Na-HCO3,Na-HCO3,Na-HCO3,Na-HCO3,Na-HCO3
73,DLHID1505-111112,61.95,28.1,92.95,12.05,105.15,99.8,217.2,18.28,1.545735815,1.156140712,4.0431027760000005,0.308197543,1.09467394,2.8152327219999997,3.55972204,0.30462605,Na-HCO3,Na-HCO3,Na-HCO3-Cl,Na-HCO3,Na-HCO3,Na-HCO3,Na-HCO3,Na-HCO3,Na-HCO3,Na-HCO3,Na-HCO3
74,DLMIC1665-240416,2.843,12.302999999999999,72.01,7.867000000000001,14.69,25.0,164.0,2.0,0.07093667299999999,0.5061921420000001,3.1322628389999996,0.201210794,0.15293162300000002,0.705218618,2.687819588,0.033328889,Na-HCO3,Na-HCO3,Na-HCO3-Cl,Na-HCO3,Na-HCO3,Na-HCO3,Na-HCO3,Na-HCO3,Na-HCO3,Na-HCO3,Na-HCO3
75,DLMIC1666-300314,2.639,5.185,56.62,8.123,18.0,10.0,179.0,12.0,0.065846599,0.21333059,2.462834634,0.20775839399999999,0.18739068899999997,0.282087447,2.933656746,0.199973337,Na-HCO3,Na-HCO3,Na-HCO3,Na-HCO3,Na-HCO3,Na-HCO3,Na-HCO3,Na-HCO3,Na-HCO3,Na-HCO3,Na-HCO3
76,DLMIC1666-240416,4.024,15.695,64.65899999999999,9.461,9.11,12.0,194.0,3.0,0.10040421199999999,0.645751903,2.812511914,0.24197983,0.09484051,0.338504937,3.179493903,0.049993334,Na-HCO3,Na-HCO3,Na-HCO3,Na-HCO3,Na-HCO3,Na-HCO3,Na-HCO3,Na-HCO3,Na-HCO3,Na-HCO3,Na-HCO3
77,DLMIC1725-300314,15.28,10.87,59.88,5.938,9.0,15.0,242.0,10.0,0.38125655,0.44723308,2.60463684,0.151873611,0.093695344,0.42313117100000003,3.966172807,0.166644447,Na-HCO3,Na-HCO3,Na-HCO3,Na-HCO3,Na-HCO3,Na-HCO3,Na-HCO3,Na-HCO3,Na-HCO3,Na-HCO3,Na-HCO3
78,DLMIC1728-021212,60.46,61.49,33.78,10.9,41.0,21.0,401.0,9.0,1.508558311,2.529932113,1.469349239,0.2787845,0.426834347,0.592383639,6.572046676,0.149980003,Mg-HCO3,Mg-HCO3,Mg-Na-HCO3,Mg-HCO3,Mg-HCO3,Mg-HCO3,Mg-HCO3,Mg-HCO3,Mg-HCO3,Mg-HCO3,Mg-HCO3
79,DLMIC1753-200414,9.8,13.65,43.8,4.96,6.0,22.0,211.0,30.0,0.24452318,0.561612837,1.905195283,0.126859736,0.062463563,0.6205923839999999,3.4581093480000002,0.499933342,Na-HCO3,Na-HCO3,Na-HCO3,Na-HCO3,Na-HCO3,Na-HCO3,Na-HCO3,Na-HCO3,Na-HCO3,Na-HCO3,Na-HCO3
80,DLPUE1990-110218,81.3351,19.6607,59.3414,8.14744,65.366,46.652,183.0,22.0,2.0294201309999997,0.8089158609999999,2.581209027,0.208383485,0.6804988759999999,1.315994358,2.999213321,0.366617784,Na-HCO3,Na-HCO3,Na-Ca-HCO3-Cl,Na-HCO3,Na-HCO3,Na-HCO3,Na-HCO3,Na-HCO3,Na-HCO3,Na-HCO3,Na-HCO3
81,DLPUE1990-041118,90.1685,19.49,47.5566,7.77312,80.618,47.928000000000004,227.0,18.0,2.2498253409999998,0.801892615,2.0685984019999997,0.198809667,0.839281253,1.3519887169999998,3.72033565,0.299960005,Ca-HCO3,Ca-HCO3,Ca-Na-HCO3,Na-HCO3,Na-HCO3,Ca-HCO3,Ca-HCO3,Ca-HCO3,Ca-Na-HCO3,Na-HCO3,Na-HCO3
82,DLPUE2020-041118,56.3717,40.2574,66.0013,8.527999999999999,187.36,25.807,194.0,24.0,1.406549728,1.656342316,2.870898755,0.21811689999999997,1.9505288580000002,0.727983075,3.179493903,0.399946674,Na-HCO3,Na-HCO3,Na-Mg-HCO3-SO4,Na-HCO3,Na-HCO3,Na-HCO3,Na-HCO3,Na-HCO3,Na-HCO3,Na-HCO3,Na-HCO3
83,DLPUE2020-110218,62.9291,41.081,80.62696,8.99525,162.92700000000002,29.281999999999996,280.0,52.0,1.5701656769999999,1.6902283480000002,3.507079998,0.230067548,1.696166819,0.826008463,4.5889602730000005,0.866551127,Na-HCO3,Na-HCO3,Na-HCO3,Na-HCO3,Na-HCO3,Na-HCO3,Na-HCO3,Na-HCO3,Na-HCO3,Na-HCO3,Na-HCO3
84,DLPUE2039-060316,115.345,40.6597,56.1073,5.77212,131.989,43.18,332.0,44.0,2.878012875,1.672894466,2.440533409,0.147630971,1.374083868,1.218053597,5.4411957520000005,0.7332355690000001,Ca-HCO3,Ca-HCO3,Ca-Na-HCO3,Ca-HCO3,Ca-Na-HCO3,Ca-HCO3,Ca-HCO3,Ca-HCO3,Ca-HCO3,Ca-HCO3,Ca-HCO3
85,DLPUE2039-110218,123.09299999999999,39.1127,67.721,7.2066300000000005,120.081,49.31100000000001,328.0,50.0,3.071335895,1.6092450109999998,2.9457015930000003,0.184320802,1.250114517,1.39100141,5.375639177,0.833222237,Ca-HCO3,Ca-HCO3,Ca-Na-HCO3,Na-HCO3,Na-HCO3,Ca-HCO3,Ca-HCO3,Ca-HCO3,Ca-Na-HCO3,Na-HCO3,Na-HCO3
86,DLPUE2045-070816,250.0,74.632,71.2385,8.21154,777.95,42.68,356.4,51.48,6.237836219,3.0706439,3.0987044339999996,0.210022942,8.098921462,1.203949224,5.8410908610000005,0.857885615,Ca-SO4,Ca-SO4,Ca-SO4-HCO3,Ca-SO4,Ca-SO4,Ca-SO4,Ca-SO4,Ca-SO4,Ca-SO4,Ca-SO4,Ca-SO4
87,DLPUE2045-110218,253.68599999999998,67.9378,76.5754,8.598339999999999,223.415,44.702,227.0,48.0,6.329806877,2.7952190910000003,3.3308468239999995,0.219915955,2.325882818,1.2609873059999999,3.72033565,0.799893348,Ca-HCO3,Ca-HCO3,Ca-Na-HCO3-SO4,Na-HCO3,Na-HCO3,Ca-HCO3,Ca-HCO3,Ca-HCO3,Ca-HCO3,Na-HCO3,Na-HCO3
88,DLPUE2075-041118,62.3488,35.9888,38.6594,3.32617,39.382,53.919,206.0,26.0,1.555686411,1.4807159019999998,1.681591474,0.085071985,0.409990006,1.5209873059999999,3.3761636289999997,0.433275563,Na-HCO3,Na-HCO3,Na-Ca-HCO3-Cl,Na-HCO3,Na-HCO3,Na-HCO3,Na-HCO3,Na-HCO3,Na-Ca-HCO3,Na-HCO3,Na-HCO3
89,DLPUE2075-180617,53.9266,34.2277,35.8135,3.08554,49.583,54.38,211.0,20.0,1.345541195,1.40825756,1.557801627,0.078917498,0.5161884729999999,1.533991537,3.4581093480000002,0.333288895,Na-HCO3,Na-HCO3,Na-Mg-HCO3-Cl,Na-HCO3,Na-HCO3,Na-HCO3,Na-HCO3,Na-HCO3,Na-HCO3,Na-HCO3,Na-HCO3
90,DLPUE2075-110218,70.9278,40.3038,38.6558,3.23905,77.783,73.736,193.06,39.4,1.7697439990000001,1.6582513890000001,1.6814348819999998,0.082843755,0.809767219,2.08,3.164088108,0.656579123,Ca-HCO3,Ca-HCO3,Ca-Mg-HCO3-Cl,Ca-HCO3,Ca-Na-HCO3,Ca-HCO3,Ca-HCO3,Ca-HCO3,Ca-Na-HCO3,Ca-HCO3,Ca-HCO3
91,DLPUE2077-110218,46.4614,21.8255,32.7289,2.2994,28.255,25.808000000000003,170.405,29.55,1.159274415,0.8979839540000001,1.423628902,0.058810741,0.294151328,0.728011283,2.792792055,0.492434342,Na-HCO3,Na-HCO3,Na-Ca-HCO3,Na-HCO3,Na-HCO3,Na-HCO3,Na-HCO3,Na-HCO3,Na-HCO3,Na-HCO3,Na-HCO3
92,DLPUE5408-041118,108.656,36.2589,57.3363,15.5795,140.168,54.841,297.0,26.0,2.711113329,1.4918288419999999,2.493991971,0.39847001,1.459232115,1.546995769,4.867575718,0.433275563,Ca-HCO3,Ca-HCO3,Ca-Na-HCO3,Na-HCO3,Na-HCO3,Ca-HCO3,Ca-HCO3,Ca-HCO3,Ca-Na-HCO3,Na-HCO3,Na-HCO3
93,DLPUE5408-110218,102.294,34.0279,75.1415,13.8935,71.301,79.408,380.0,50.0,2.552372873,1.4000370290000002,3.268475603,0.355347931,0.74228575,2.24,6.227874656,0.833222237,Na-HCO3,Na-HCO3,Na-Ca-HCO3-Cl,Na-HCO3,Na-HCO3,Na-HCO3,Na-HCO3,Na-HCO3,Na-HCO3,Na-HCO3,Na-HCO3
94,DLPUE5409-110218,67.6033,17.7001,42.8797,11.534,13.690999999999999,13.895999999999999,300.0,50.0,1.686793253,0.7282493309999999,1.865164434,0.295000038,0.14253144,0.39198871700000004,4.916743149,0.833222237,Na-HCO3,Na-HCO3,Na-Ca-HCO3,Na-HCO3,Na-HCO3,Na-HCO3,Na-HCO3,Na-HCO3,Na-Ca-HCO3,Na-HCO3,Na-HCO3
95,DLPUE5409-021016,59.5014,18.1603,32.7362,10.8719,10.728,15.39,274.0,18.0,1.484639952,0.747183707,1.423946435,0.27806579800000003,0.111684851,0.434132581,4.49062541,0.299960005,Ca-HCO3,Na-HCO3,Na-Ca-HCO3,Na-HCO3,Na-HCO3,Ca-HCO3,Ca-HCO3,Na-HCO3,Na-Ca-HCO3,Na-HCO3,Na-HCO3
96,DLPUE5409-041118,78.4257,19.6225,40.1442,12.7676,11.067,17.973,259.0,34.0,1.956826688,0.807344168,1.7461767240000001,0.326551282,0.11521404199999999,0.506995769,4.244788252,0.566591121,Ca-HCO3,Na-HCO3,Na-Ca-HCO3,Na-HCO3,Na-HCO3,Ca-HCO3,Ca-HCO3,Ca-HCO3,Ca-Na-HCO3,Na-HCO3,Na-HCO3
97,DLPUE5410-110218,138.08,54.5663,127.773,10.5292,93.789,31.267,525.0,270.0,3.4452817010000003,2.245064801,5.5578200220000005,0.269300711,0.976399184,0.8820028209999999,8.604300511,4.49940008,Na-HCO3,Na-HCO3,Na-Ca-HCO3-CO3,Na-HCO3,Na-HCO3,Na-HCO3,Na-HCO3,Na-HCO3,Na-HCO3,Na-HCO3,Na-HCO3
98,DLPUE5411-110218,81.7974,29.9651,119.87700000000001,12.0477,41.854,19.355999999999998,286.0,26.0,2.040955137,1.232878009,5.214362899,0.308138717,0.435724994,0.5460084629999999,4.687295136,0.433275563,Na-HCO3,Na-HCO3,Na-HCO3,Na-HCO3,Na-HCO3,Na-HCO3,Na-HCO3,Na-HCO3,Na-HCO3,Na-HCO3,Na-HCO3
99,DLPUE5411-021016,71.5674,21.8953,29.2168,9.381780000000001,25.388,19.36,278.0,26.0,1.785702879,0.9008557909999999,1.270860949,0.239953655,0.264304156,0.546121298,4.556181985,0.433275563,Ca-HCO3,Ca-HCO3,Ca-Na-HCO3,Na-HCO3,Na-HCO3,Ca-HCO3,Ca-HCO3,Ca-HCO3,Ca-HCO3,Na-HCO3,Na-HCO3
100,DLPUE5412-021016,82.7912,23.6442,26.7983,8.58837,22.281999999999996,13.4,290.0,50.0,2.065751784,0.972812179,1.165661981,0.219660957,0.231968852,0.37799717899999996,4.752851711,0.833222237,Ca-HCO3,Ca-HCO3,Ca-Na-HCO3,Ca-HCO3,Ca-Na-HCO3,Ca-HCO3,Ca-HCO3,Ca-HCO3,Ca-HCO3,Ca-HCO3,Ca-HCO3
101,DLPUE5412-110218,95.764,27.9227,42.2681,8.15311,49.349,15.385,390.0,30.0,2.389440591,1.148845916,1.838561296,0.20852850399999998,0.513752394,0.43399153700000004,6.391766093999999,0.499933342,Ca-HCO3,Ca-HCO3,Ca-Na-HCO3,Na-HCO3,Na-HCO3,Ca-HCO3,Ca-HCO3,Ca-HCO3,Ca-HCO3,Na-HCO3,Na-HCO3
102,DLQUE2089-280615,14.47,3.513,121.3,5.414,93.35947,27.4,211.46,11.64,0.36104596,0.144538161,5.2762599969999995,0.138471494,0.9719275209999999,0.772919605,3.465648355,0.193974137,Na-HCO3,Na-HCO3,Na-HCO3,Na-HCO3,Na-HCO3,Na-HCO3,Na-HCO3,Na-HCO3,Na-HCO3,Na-HCO3,Na-HCO3
103,DLQUE2089-260616,50.29,13.69,181.1,18.25,128.4108,38.25,223.56,28.08,1.254803134,0.563258589,7.877417027999999,0.466772213,1.336832681,1.078984485,3.663956995,0.46793760799999995,Na-HCO3,Na-HCO3,Na-HCO3,Na-HCO3,Na-HCO3,Na-HCO3,Na-HCO3,Na-HCO3,Na-HCO3,Na-HCO3,Na-HCO3
104,DLQUE2090-260616,2.4859999999999998,1.061,174.7,2.0780000000000003,98.3418,28.11,68.04,99.36,0.062029043,0.043653569,7.599032329,0.053148090999999995,1.023796535,0.792947814,1.115117346,1.655779229,Na-CO3,Na-HCO3,Na-HCO3-Cl,Na-CO3,Na-CO3,Na-CO3,Na-CO3,Na-CO3,Na-CO3,Na-CO3,Na-CO3
105,DLQUE2090-161218,2.113,0.0574,178.51,1.6381,109.5443,31.5363,88.29,93.74,0.052722192,0.002361654,7.76475822,0.041896962,1.140421213,0.8895994359999999,1.446997509,1.56212505,Na-CO3,Na-HCO3,Na-HCO3-Cl,Ca-CO3,Ca-Na-CO3,Na-CO3,Na-CO3-HCO3,Na-CO3,Na-CO3-HCO3,Na-CO3,Na-CO3-HCO3
106,DLQUE2126-060414,26.74,9.18,25.36,6.45,11.0,19.0,183.0,12.0,0.6671989620000001,0.377700062,1.10309937,0.164968809,0.11451653199999999,0.53596615,2.999213321,0.199973337,Na-HCO3,Na-HCO3,Na-Ca-HCO3,Na-HCO3,Na-HCO3,Na-HCO3,Na-HCO3,Na-HCO3,Na-HCO3,Na-HCO3,Na-HCO3
107,DLSAN2281-110916,21.88,7.069,101.3,21.52,71.0647,22.63,202.0,28.0,0.545935426,0.290845505,4.406307813,0.5504075620000001,0.739825727,0.638363893,3.3106070539999997,0.466604453,Na-HCO3,Na-HCO3,Na-HCO3,Na-HCO3,Na-HCO3,Na-HCO3,Na-HCO3,Na-HCO3,Na-HCO3,Na-HCO3,Na-HCO3
108,DLSAN2325-111118,9.522,1.054,256.62,15.105,90.3496,35.9392,163.62,76.76,0.237586706,0.043365562999999996,11.16235648,0.38633393299999996,0.940592987,1.013799718,2.681591714,1.279162778,Na-HCO3,Na-HCO3,Na-HCO3,Na-HCO3,Na-HCO3,Na-HCO3,Na-HCO3,Na-HCO3,Na-HCO3,Na-HCO3,Na-HCO3
109,DLTAB2418-151017,32.47,32.56,184.5,1.774,5.2116,22.4611,482.56,24.96,0.810170168,1.339642049,8.025308899,0.045372817,0.054255850999999994,0.633599436,7.908745247000001,0.415944541,Na-HCO3,Na-HCO3,Na-HCO3,Na-HCO3,Na-HCO3,Na-HCO3,Na-HCO3,Na-HCO3,Na-HCO3,Na-HCO3,Na-HCO3
110,DLTAB2453M1-290418,2.266,1.636,92.25,1.568,6.3253,20.0576,128.865,59.64,0.056539747,0.067311253,4.01265445,0.040104045,0.06585012900000001,0.565799718,2.11198702,0.993867484,Na-HCO3,Na-HCO3,Na-HCO3,Na-HCO3,Na-HCO3,Na-HCO3,Na-HCO3,Na-HCO3,Na-HCO3,Na-HCO3,Na-HCO3
111,DLTAB2487-310814,32.68,12.37,21.88,5.545,33.07,41.6,167.2,39.8,0.8154099509999999,0.508948776,0.95172769,0.14182202300000002,0.34427833799999996,1.17348378,2.740264849,0.663244901,Na-HCO3,Ca-HCO3,Ca-Na-HCO3-Cl,Ca-HCO3,Ca-HCO3,Na-HCO3,Na-HCO3,Na-HCO3,Na-Ca-HCO3,Ca-HCO3,Ca-HCO3
112,DLTAB5354-301218,6.249,4.479,13.38,1.4769999999999999,7.3183,13.7971,11.99,19.62,0.155920954,0.184283069,0.581998011,0.037776579,0.076187849,0.38919887200000003,0.196505835,0.32695640600000003,Na-Cl,Na-Cl,Na-Cl-CO3,Na-Cl,Na-Cl,Na-Cl,Na-Cl,Na-Cl,Na-Cl,Na-Cl,Na-Cl
113,DLTAB5355-290418,97.17,20.43,31.73,3.513,10.7046,15.6547,283.29,36.21,2.424522182,0.8405677840000001,1.38017914,0.08985045400000001,0.11144124300000001,0.441599436,4.642880556000001,0.603419544,Ca-HCO3,Ca-HCO3,Ca-Na-HCO3,Na-HCO3,Na-HCO3,Ca-HCO3,Ca-HCO3,Ca-HCO3,Ca-HCO3,Na-HCO3,Na-HCO3
114,DLTLA2542-111118,33.0211,12.5525,10.5877,3.7854,12.527999999999999,16.59,64.0,16.0,0.823920854,0.516457519,0.46053963700000006,0.09681750900000001,0.130423919,0.467983075,1.048905205,0.266631116,Ca-HCO3,Ca-HCO3,Ca-Mg-HCO3-Cl,Mg-HCO3,Mg-Na-HCO3,Ca-HCO3,Ca-HCO3,Ca-HCO3,Ca-HCO3,Mg-HCO3,Mg-HCO3
115,DLTLA2583-260715,53.49,13.99,25.96,12.57,15.545,13.9,122.0,12.0,1.334647437,0.575601728,1.129197935,0.32149735399999996,0.161832681,0.392101551,1.9994755469999999,0.199973337,Ca-HCO3,Na-HCO3,Na-Ca-HCO3,Na-HCO3,Na-HCO3,Ca-HCO3,Ca-HCO3,Ca-HCO3,Ca-Na-HCO3,Na-HCO3,Na-HCO3
116,DLTLA2585-260715,33.6,15.49,27.89,1.545,12.515,11.41,112.0,20.0,0.8383651879999999,0.637317424,1.213148321,0.039515785,0.130288582,0.321861777,1.835584109,0.333288895,Na-HCO3,Na-HCO3,Na-Ca-HCO3,Na-HCO3,Na-HCO3,Na-HCO3,Na-HCO3,Na-HCO3,Na-HCO3,Na-HCO3,Na-HCO3
117,DLTLA2585-150516,27.83,13.12,25.72,1.391,6.284,11.83,120.0,12.0,0.6943959279999999,0.539806624,1.118758509,0.035576994,0.065420172,0.33370945,1.96669726,0.199973337,Na-HCO3,Na-HCO3,Na-Ca-HCO3,Na-HCO3,Na-HCO3,Na-HCO3,Na-HCO3,Na-HCO3,Na-HCO3,Na-HCO3,Na-HCO3
118,DLTLA5341-010418,43.691,20.8912,39.5218,4.5982,9.623,11.520999999999999,169.52,29.12,1.090149209,0.859543304,1.719103812,0.117606136,0.100181144,0.324992948,2.778287662,0.485268631,Na-HCO3,Na-HCO3,Na-HCO3,Na-HCO3,Na-HCO3,Na-HCO3,Na-HCO3,Na-HCO3,Na-HCO3,Na-HCO3,Na-HCO3
119,DLTLA5343-010418,32.3566,30.7312,23.6723,4.13031,83.915,11.520999999999999,99.0,19.8,0.807340686,1.264398272,1.029688455,0.10563912,0.87360498,0.324992948,1.622525239,0.329956006,Mg-HCO3,Mg-HCO3,Mg-Na-HCO3-SO4,Mg-HCO3,Mg-HCO3,Mg-HCO3,Mg-HCO3,Mg-HCO3,Mg-HCO3,Mg-HCO3,Mg-HCO3
120,DLTLA5344-021016,11.2353,18.29363,234.608,23.3255,13.640999999999998,41.69,574.0,56.0,0.280335845,0.75266941,10.2048871,0.596586041,0.14201091,1.176022567,9.407368559,0.933208905,Na-HCO3,Na-HCO3,Na-HCO3,Na-HCO3,Na-HCO3,Na-HCO3,Na-HCO3,Na-HCO3,Na-HCO3,Na-HCO3,Na-HCO3
121,DLTLA5345-111118,168.898,42.4215,42.7531,15.7462,26.011,11.06,610.0,20.0,4.214232247,1.745381609,1.859657636,0.402733623,0.270789956,0.31198871699999997,9.997377737,0.333288895,Ca-HCO3,Ca-HCO3,Ca-Na-HCO3,Na-HCO3,Na-Mg-HCO3,Ca-HCO3,Ca-HCO3,Ca-HCO3,Ca-HCO3,Na-HCO3,Na-HCO3
122,DLTLA5345-021016,174.787,41.876000000000005,46.9114,16.3824,36.65,15.88,614.0,36.0,4.361170717,1.7229376669999998,2.040533745,0.41900543,0.38154826399999997,0.447954866,10.06293431,0.599920011,Ca-HCO3,Ca-HCO3,Ca-Na-HCO3,Na-HCO3,Na-HCO3,Ca-HCO3,Ca-HCO3,Ca-HCO3,Ca-HCO3,Na-HCO3,Na-HCO3
123,DLTLA6375-100219,32.8779,22.0001,36.0484,4.95257,31.629,12.442,178.0,30.0,0.820347822,0.9051676609999999,1.568019216,0.126669702,0.329276672,0.35097320200000004,2.917267602,0.499933342,Na-HCO3,Na-HCO3,Na-Mg-HCO3,Na-HCO3,Na-HCO3,Na-HCO3,Na-HCO3,Na-HCO3,Na-HCO3,Na-HCO3,Na-HCO3
124,DLTLA6381-100219,37.3732,22.6065,48.1127,10.4014,12.865,12.902999999999999,210.0,40.0,0.932511602,0.93011726,2.0927874230000003,0.266032027,0.133932289,0.36397743299999996,3.441720205,0.66657779,Na-HCO3,Na-HCO3,Na-HCO3,Na-HCO3,Na-HCO3,Na-HCO3,Na-HCO3,Na-HCO3,Na-HCO3,Na-HCO3,Na-HCO3
125,DLZAC2609M1-030515,55.87,10.59,36.32,22.93,31.26547,13.26,203.52,16.96,1.3940316380000002,0.435712816,1.5798331669999999,0.586470512,0.325492109,0.374047955,3.335518553,0.282628983,Na-HCO3,Na-HCO3,Na-Ca-HCO3,Na-HCO3,Na-HCO3,Na-HCO3,Na-HCO3,Na-HCO3,Na-HCO3,Na-HCO3,Na-HCO3
126,DLZAC2623M1-170515,25.76,19.7,56.1,2.404,28.06959,9.15,191.86,10.6,0.642746644,0.810532812,2.440215877,0.061486049,0.29222109999999996,0.258110014,3.144421135,0.176643114,Na-HCO3,Na-HCO3,Na-HCO3,Na-HCO3,Na-HCO3,Na-HCO3,Na-HCO3,Na-HCO3,Na-HCO3,Na-HCO3,Na-HCO3
127,DLZAC2643-080215,132.3,7.726,11.75,1.344,137.04349,19.33,212.0,10.6,3.301062927,0.31787698,0.511096908,0.034374896,1.42670411,0.545275035,3.474498492,0.176643114,Ca-HCO3,Ca-HCO3,Ca-HCO3-SO4,Ca-HCO3,Ca-HCO3,Ca-HCO3,Ca-HCO3,Ca-HCO3,Ca-HCO3,Ca-HCO3,Ca-HCO3
128,DLZAC2659-080215,4.772,0.836,509.4,33.32,191.32826,50.92,610.65,124.2,0.119067818,0.034396215,22.15768213,0.8522109659999999,1.991840801,1.4363892809999999,10.00803068,2.069724037,Na-HCO3,Na-HCO3,Na-HCO3,Na-HCO3,Na-HCO3,Na-HCO3,Na-HCO3,Na-HCO3,Na-HCO3,Na-HCO3,Na-HCO3
129,DLZAC2659-010919,3.237,0.6645,608.2,25.17,203.4686,55.9259,616.2,28.44,0.080767503,0.027340053,26.45524592,0.643762005,2.11822895,1.5775994359999999,10.09899043,0.473936808,Na-HCO3,Na-HCO3,Na-HCO3,Na-HCO3,Na-HCO3,Na-HCO3,Na-HCO3,Na-HCO3,Na-HCO3,Na-HCO3,Na-HCO3
130,DLZAC2659-091016,3.3689999999999998,0.5647,664.7,33.67,311.6582,59.41,551.18,169.26,0.084061081,0.023233902,28.91286084,0.8611627620000001,3.2445469310000004,1.6758815230000002,9.033368297,2.820623917,Na-HCO3,Na-HCO3,Na-HCO3,Na-HCO3,Na-HCO3,Na-HCO3,Na-HCO3,Na-HCO3,Na-HCO3,Na-HCO3,Na-HCO3
131,DLZAC2659-291017,4.513999999999999,0.6692,461.4,25.98,242.5813,62.236000000000004,540.8,83.2,0.11263037099999999,0.027533428999999998,20.06979689,0.664479018,2.525415383,1.755599436,8.863248984,1.3864818019999998,Na-HCO3,Na-HCO3,Na-HCO3,Na-HCO3,Na-HCO3,Na-HCO3,Na-HCO3,Na-HCO3,Na-HCO3,Na-HCO3,Na-HCO3
132,DLZAC2659-270518,3.055,0.5707,632.6,30.15,246.64,71.4672,684.7,106.6,0.07622635900000001,0.023480765,27.51658759,0.771133272,2.56766886,2.016,11.22164678,1.7764298090000001,Na-HCO3,Na-HCO3,Na-HCO3,Na-HCO3,Na-HCO3,Na-HCO3,Na-HCO3,Na-HCO3,Na-HCO3,Na-HCO3,Na-HCO3
133,DLZAC2659-091218,4.62,0.7779,712.6,34.2,246.1051,71.9422,741.2,95.92,0.115275213,0.03200576,30.99639632,0.874718338,2.5621002330000002,2.029399154,12.14763341,1.59845354,Na-HCO3,Na-HCO3,Na-HCO3,Na-HCO3,Na-HCO3,Na-HCO3,Na-HCO3,Na-HCO3,Na-HCO3,Na-HCO3,Na-HCO3
134,OCBAL2810-281012,132.7,46.8,74.76,5.605,249.26,25.93,349.86,46.92,3.311043465,1.925529726,3.251881265,0.143356617,2.594944616,0.73145275,5.733905861,0.781895747,Ca-HCO3,Ca-HCO3,Ca-Na-HCO3-SO4,Na-HCO3,Na-Ca-HCO3,Ca-HCO3,Ca-Na-HCO3,Ca-HCO3,Ca-Na-HCO3,Na-HCO3,Na-HCO3
135,OCBAL2866-180218,132.563,31.0773,50.8655,13.5061,102.195,37.79,336.0,36.0,3.3076251310000004,1.27863814,2.212527641,0.34543957200000003,1.063910635,1.066008463,5.506752327,0.599920011,Ca-HCO3,Ca-HCO3,Ca-Na-HCO3,Na-HCO3,Na-Ca-HCO3,Ca-HCO3,Ca-HCO3,Ca-HCO3,Ca-HCO3,Ca-HCO3,Ca-HCO3
136,OCBAL2866-041118,151.674,35.659,54.9845,14.1854,140.168,39.172,293.0,62.0,3.784470283,1.4671466780000002,2.391694294,0.36281372799999995,1.459232115,1.104992948,4.802019143,1.033195574,Ca-HCO3,Ca-HCO3,Ca-Na-HCO3,Ca-HCO3,Ca-HCO3,Ca-HCO3,Ca-HCO3,Ca-HCO3,Ca-HCO3,Ca-HCO3,Ca-HCO3
137,OCBAL2875-041118,84.0685,18.8104,34.3493,3.6627699999999996,39.157,27.19,236.0,20.0,2.0976221369999997,0.77393129,1.4941124280000002,0.093681055,0.40764762200000004,0.7669957690000001,3.8678379439999997,0.333288895,Ca-HCO3,Ca-HCO3,Ca-Na-HCO3,Na-HCO3,Na-HCO3,Ca-HCO3,Ca-HCO3,Ca-HCO3,Ca-HCO3,Na-HCO3,Na-HCO3
138,OCCCN5258M1-290418,42.5,1.147,50.919,3.282,50.4714,18.2497,101.365,16.72,1.060432157,0.047191936,2.214854763,0.083942269,0.525437245,0.514801128,1.6612855640000002,0.278629516,Na-HCO3,Na-HCO3,Na-Ca-HCO3,Na-HCO3,Na-HCO3,Na-HCO3,Na-HCO3,Na-HCO3,Na-HCO3,Na-HCO3,Na-HCO3
139,OCCCN5779-240219,5.638,1.075,176.3,2.682,87.1425,24.7016,214.0,34.24,0.140675682,0.044229582,7.668628504,0.068596333,0.9072051720000001,0.6968011279999999,3.50727678,0.570590588,Na-HCO3,Na-HCO3,Na-HCO3,Na-HCO3,Na-HCO3,Na-HCO3,Na-HCO3,Na-HCO3,Na-HCO3,Na-HCO3,Na-HCO3
140,OCCCN5882-170219,3.0789999999999997,0.0973,188.7,3.575,102.3017,32.0645,43.0,107.5,0.076825191,0.004003292,8.207998858,0.091436201,1.065021446,0.904499295,0.704733185,1.79142781,Na-CO3,Na-Cl,Na-Cl-CO3,Na-CO3,Na-Ca-CO3,Na-CO3,Na-CO3,Na-CO3,Na-CO3,Na-CO3,Na-CO3
141,OCCCN5940-240219,3.31,0.42,282.5,2.521,182.1509,47.3789,184.9,38.7,0.08258895200000001,0.017280395,12.2880746,0.064478507,1.896299034,1.336499295,3.030352694,0.644914011,Na-HCO3,Na-HCO3,Na-HCO3-Cl,Na-HCO3,Na-HCO3,Na-HCO3,Na-HCO3,Na-HCO3,Na-HCO3,Na-HCO3,Na-HCO3
142,OCGCE3259-090815,54.46,29.41,33.57,2.303,26.858,43.67,162.0,32.0,1.358850242,1.210039087,1.460214741,0.058902817,0.27960772899999997,1.231875882,2.655041301,0.533262232,Na-HCO3,Na-HCO3,Na-Ca-HCO3-Cl,Na-HCO3,Na-HCO3,Na-HCO3,Na-HCO3,Na-HCO3,Na-Ca-HCO3,Na-HCO3,Na-HCO3
143,OCGCE3261-181118,56.7164,25.1999,54.4813,6.08875,20.393,56.684,256.0,44.0,1.415150457,1.036819584,2.369806297,0.155729277,0.21230324,1.598984485,4.195620821,0.7332355690000001,Na-HCO3,Na-HCO3,Na-Ca-HCO3-Cl,Na-HCO3,Na-HCO3,Na-HCO3,Na-HCO3,Na-HCO3,Na-HCO3,Na-HCO3,Na-HCO3
144,OCGCE3261-261014,66.623,32.584,52.968,6.8260000000000005,34.91,62.5,266.0,36.0,1.66233345,1.3406295,2.303981365,0.174585596,0.36343383,1.763046544,4.359512259,0.599920011,Na-HCO3,Na-HCO3,Na-Ca-HCO3-Cl,Na-HCO3,Na-HCO3,Na-HCO3,Na-HCO3,Na-HCO3,Na-HCO3,Na-HCO3,Na-HCO3
145,OCGCE3261-090815,64.21,30.37,62.2,7.343,5.152,62.53,243.0,38.0,1.602125855,1.249537132,2.705551293,0.18780867699999998,0.053635379000000004,1.763892807,3.982561951,0.6332489,Na-HCO3,Na-HCO3,Na-HCO3-Cl,Na-HCO3,Na-HCO3,Na-HCO3,Na-HCO3,Na-HCO3,Na-HCO3,Na-HCO3,Na-HCO3
146,OCGCE3326-010418,78.7469,9.79412,23.0839,3.8572,18.387,25.346999999999998,176.22,43.56,1.96484106,0.402967291,1.004094461,0.098653906,0.19141958899999997,0.715007052,2.8880949260000004,0.7259032129999999,Ca-HCO3,Ca-HCO3,Ca-Na-HCO3,Ca-HCO3,Ca-HCO3,Ca-HCO3,Ca-HCO3,Ca-HCO3,Ca-HCO3,Ca-HCO3,Ca-HCO3
147,OCGCE3344M1-150718,50.611000000000004,18.9915,16.4618,2.9875599999999998,12.452,18.434,169.74,18.63,1.2628125159999999,0.781382432,0.716048943,0.07641150599999999,0.129632714,0.52,2.7818932739999997,0.310458606,Ca-HCO3,Ca-HCO3,Ca-Mg-HCO3,Mg-HCO3,Mg-Na-HCO3,Ca-HCO3,Ca-HCO3,Ca-HCO3,Ca-HCO3,Mg-HCO3,Mg-HCO3
148,OCGCE3344M1-281018,49.0396,17.1865,20.3281,2.68602,14.100999999999999,22.581,190.0,16.0,1.223603972,0.7071178770000001,0.88422375,0.068699151,0.14679978300000002,0.636981664,3.113937328,0.266631116,Ca-HCO3,Ca-HCO3,Ca-Na-HCO3,Na-HCO3,Na-HCO3,Ca-HCO3,Ca-HCO3,Ca-HCO3,Ca-HCO3,Na-HCO3,Na-HCO3
149,OCGCE3377-181118,50.3775,12.3246,13.9246,4.71748,36.010999999999996,34.563,145.0,18.0,1.256986377,0.507080848,0.6056868089999999,0.12065690800000001,0.374895894,0.9749788429999999,2.376425856,0.299960005,Ca-HCO3,Ca-HCO3,Ca-HCO3-Cl,Ca-HCO3,Ca-HCO3,Ca-HCO3,Ca-HCO3,Ca-HCO3,Ca-HCO3,Ca-HCO3,Ca-HCO3
150,OCGCE5351-030416,29.57,12.9,54.93,5.122000000000001,25.261,17.87,101.0,46.0,0.737811268,0.530754989,2.389323674,0.13100313800000002,0.26298201,0.504090268,1.6553035269999998,0.766564458,Na-HCO3,Na-HCO3,Na-HCO3-CO3,Na-HCO3,Na-HCO3,Na-HCO3,Na-HCO3,Na-HCO3,Na-HCO3,Na-HCO3,Na-HCO3
151,OCGCE5351-220418,38.4117,27.2067,143.589,14.5132,13.104000000000001,40.094,270.71,40.66,0.9584235740000001,1.1193869570000001,6.245778209,0.371197725,0.136420421,1.13100141,4.436705127,0.6775763229999999,Na-HCO3,Na-HCO3,Na-HCO3,Na-HCO3,Na-HCO3,Na-HCO3,Na-HCO3,Na-HCO3,Na-HCO3,Na-HCO3,Na-HCO3
152,OCGNO3571-060414,106.85600000000001,10.557,18.725,1.525,89.76,12.0,284.0,20.0,2.666200908,0.43435507100000004,0.814492732,0.039004252999999996,0.934454901,0.338504937,4.654516848,0.333288895,Ca-HCO3,Ca-HCO3,Ca-HCO3,Ca-HCO3,Ca-HCO3,Ca-HCO3,Ca-HCO3,Ca-HCO3,Ca-HCO3,Ca-HCO3,Ca-HCO3
153,OCGNO3580-060414,120.579,15.203,30.628,1.946,34.58,15.0,356.0,18.0,3.0086082139999997,0.625509154,1.332244775,0.049771985,0.359998334,0.42313117100000003,5.834535204,0.299960005,Ca-HCO3,Ca-HCO3,Ca-Na-HCO3,Ca-HCO3,Ca-Na-HCO3,Ca-HCO3,Ca-HCO3,Ca-HCO3,Ca-HCO3,Ca-HCO3,Ca-HCO3
154,OCLSP3699-060518,12.26,5.282,87.416,8.4644,13.1892,19.7669,159.65,18.54,0.305903488,0.21732153899999998,3.802387007,0.216490231,0.137307404,0.5575994360000001,2.616526813,0.308958805,Na-HCO3,Na-HCO3,Na-HCO3,Na-HCO3,Na-HCO3,Na-HCO3,Na-HCO3,Na-HCO3,Na-HCO3,Na-HCO3,Na-HCO3
155,OCLSP3792-190415,2.653,0.2788,143.5,11.0,33.58498,27.82,257.5,41.2,0.06619591799999999,0.011470891,6.241906922,0.281342156,0.349639585,0.784767278,4.220204537,0.686575123,Na-HCO3,Na-HCO3,Na-HCO3,Na-HCO3,Na-HCO3,Na-HCO3,Na-HCO3,Na-HCO3,Na-HCO3,Na-HCO3,Na-HCO3
156,OCLSP3792-030618,3.4389999999999996,0.2825,119.3,14.46,29.2163,31.2669,248.64,44.16,0.085807675,0.011623123,5.189264779,0.36983705200000005,0.304159032,0.882,4.074996722,0.73590188,Na-HCO3,Na-HCO3,Na-HCO3,Na-HCO3,Na-HCO3,Na-HCO3,Na-HCO3,Na-HCO3,Na-HCO3,Na-HCO3,Na-HCO3
157,OCLSP3792-161218,4.909,0.3578,150.82,16.575,49.8208,38.9276,284.49,37.06,0.12248615199999999,0.014721251000000001,6.560309421,0.423931475,0.5186641129999999,1.0980987309999999,4.662547528999999,0.617584322,Na-HCO3,Na-HCO3,Na-HCO3,Na-HCO3,Na-HCO3,Na-HCO3,Na-HCO3,Na-HCO3,Na-HCO3,Na-HCO3,Na-HCO3
158,OCLSP3826-160619,4.44,0.4512,118.5,4.315,68.1032,23.6841,157.29,44.94,0.110783971,0.018564081,5.154466692,0.110362855,0.7089947529999999,0.6680987310000001,2.577848433,0.7489001470000001,Na-HCO3,Na-HCO3,Na-HCO3,Na-HCO3,Na-HCO3,Na-HCO3,Na-HCO3,Na-HCO3,Na-HCO3,Na-HCO3,Na-HCO3
159,OCLSP5505-111118,5.12,0.5249,136.5,15.61,4.6464,25.7402,202.0,30.3,0.127750886,0.021596379,5.937423657,0.399250095,0.048371783,0.7260987309999999,3.3106070539999997,0.504932676,Na-HCO3,Na-HCO3,Na-HCO3,Na-HCO3,Na-HCO3,Na-HCO3,Na-HCO3,Na-HCO3,Na-HCO3,Na-HCO3,Na-HCO3
160,OCNOR4008-231218,4.5680000000000005,2.4,101.1,1.439,12.5744,17.7179,73.03,71.94,0.113977743,0.09874511400000001,4.397608291,0.036804669,0.13090697099999998,0.49979971799999995,1.1968991740000001,1.198840155,Na-CO3,Na-HCO3,Na-HCO3-CO3,Na-HCO3,Na-HCO3-CO3,Na-HCO3,Na-HCO3-CO3,Na-HCO3,Na-HCO3-CO3,Na-HCO3,Na-HCO3-CO3
161,OCNOR4008-211012,3.659,1.922,70.56,0.4414,13.792,17.9164,95.55,49.14,0.09129697099999999,0.079078379,3.0691913060000005,0.011289493000000001,0.14358291,0.505399154,1.565982693,0.818890815,Na-HCO3,Na-HCO3,Na-HCO3,Na-HCO3,Na-HCO3,Na-HCO3,Na-HCO3,Na-HCO3,Na-HCO3,Na-HCO3,Na-HCO3
162,OCNOR4008-110218,3.532,1.9480000000000002,75.3,0.9338,12.9298,22.493000000000002,61.48,80.56,0.08812815,0.080148118,3.2753699739999997,0.023883391,0.134606896,0.634499295,1.007604563,1.3424876680000002,Na-CO3,Na-HCO3,Na-HCO3-CO3,Na-CO3,Na-CO3,Na-CO3,Na-CO3,Na-CO3,Na-CO3,Na-CO3,Na-CO3
163,OCNOR4008-030716,7.501,4.272,90.28,1.36,11.2874,27.0,91.96,45.98,0.187160038,0.175766303,3.92696416,0.034784121,0.117508537,0.7616361070000001,1.5071456669999999,0.7662311690000001,Na-HCO3,Na-HCO3,Na-HCO3-Cl,Na-HCO3,Na-HCO3,Na-HCO3,Na-HCO3,Na-HCO3,Na-HCO3,Na-HCO3,Na-HCO3
164,OCNOR4018-080418,226.6,33.74,127.62,8.6647,331.3255,51.0055,311.41,12.54,5.653974749,1.38819173,5.551164888,0.221613216,3.449295203,1.4388011280000002,5.10374328,0.208972137,Ca-HCO3,Na-HCO3,Na-Ca-HCO3-SO4,Na-HCO3,Na-HCO3,Ca-HCO3,Ca-Na-HCO3,Na-HCO3,Na-Ca-HCO3,Na-HCO3,Na-HCO3
165,OCNOR4040-070615,7.314,1.4,141.1,1.798,85.95606,74.77,90.78,20.4,0.182494136,0.057601317,6.13751266,0.045986654,0.894853627,2.1091678419999997,1.487806477,0.339954673,Na-Cl,Na-Cl,Na-Cl-HCO3,Na-Cl,Na-Cl,Na-Cl,Na-Cl,Na-Cl,Na-Cl,Na-Cl,Na-Cl
166,OCNOR4045-231218,3.302,0.2238,130.7,1.485,30.308000000000003,34.5921,124.26,47.96,0.08238934099999999,0.009207982,5.685137524,0.037981191,0.315524278,0.975799718,2.0365150119999997,0.79922677,Na-HCO3,Na-HCO3,Na-HCO3-Cl,Na-HCO3,Na-HCO3,Na-HCO3,Na-HCO3,Na-HCO3,Na-HCO3,Na-HCO3,Na-HCO3
167,OCNOR4063-231218,1.775,0.0961,192.5,0.9234,71.2427,13.4994,134.07,130.8,0.044288637,0.003953919,8.373289773,0.023617395,0.7416788120000001,0.380801128,2.1972925130000003,2.179709372,Na-HCO3,Na-HCO3,Na-HCO3,Na-CO3,Na-Ca-CO3-HCO3,Na-HCO3,Na-HCO3-CO3,Na-HCO3,Na-HCO3-CO3,Na-HCO3,Na-HCO3-CO3
168,OCNOR4063-150516,1.386,0.1498,121.4,0.5196,71.40187,15.17,174.3,77.7,0.034582563999999996,0.006163341,5.280609758,0.01328958,0.743335867,0.42792665700000004,2.85662777,1.2948273559999999,Na-HCO3,Na-HCO3,Na-HCO3,Ca-HCO3,Ca-Na-HCO3,Na-HCO3,Na-HCO3,Na-HCO3,Na-HCO3,Na-HCO3,Na-HCO3
169,OCNOR4063-110218,1.548,0.1561,166.2,0.4341,79.2567,17.1224,177.855,91.59,0.038624682,0.006422547,7.229302651,0.011102785,0.825109311,0.48300141,2.9148911760000003,1.5262964940000001,Na-HCO3,Na-HCO3,Na-HCO3,Ca-HCO3,Ca-Na-HCO3,Na-HCO3,Na-HCO3,Na-HCO3,Na-HCO3,Na-HCO3,Na-HCO3
170,OCNOR4174-040318,22.32,2.478,92.09,4.062,23.1204,55.8338,130.56,21.12,0.556914018,0.10195433,4.005694832,0.103891985,0.240697093,1.57500141,2.139766619,0.35195307299999995,Na-HCO3,Na-HCO3,Na-Ca-HCO3-Cl,Na-HCO3,Na-HCO3,Na-HCO3,Na-HCO3,Na-HCO3,Na-HCO3,Na-HCO3,Na-HCO3
171,OCNOR6254-240219,8.552999999999999,4.471,199.0,4.2860000000000005,86.4086,88.5364,130.075,38.7,0.213408853,0.183953919,8.656024233,0.10962113400000001,0.899564837,2.497500705,2.131817884,0.644914011,Na-Cl,Na-Cl,Na-Cl-HCO3,Na-Cl,Na-Cl,Na-Cl,Na-Cl,Na-Cl,Na-Cl,Na-Cl,Na-Cl
172,OCNOR6255-240219,43.14,13.41,367.5,5.99,522.7908,20.1001,77.4,25.8,1.0764010179999999,0.551738325,15.98537139,0.153203592,5.442562672,0.56699859,1.268519733,0.42994267399999997,Na-SO4,Na-SO4,Na-SO4,Na-SO4,Na-SO4,Na-SO4,Na-SO4,Na-SO4,Na-SO4,Na-SO4,Na-SO4
173,OCNOR6286-100319,36.87,17.76,68.22,4.739,37.2613,41.636,190.275,21.5,0.9199560859999999,0.730713845,2.9674069,0.121207316,0.38791226,1.174499295,3.118444342,0.35828556200000006,Na-HCO3,Na-HCO3,Na-HCO3-Cl,Na-HCO3,Na-HCO3,Na-HCO3,Na-HCO3,Na-HCO3,Na-HCO3,Na-HCO3,Na-HCO3
174,OCNOR6304-240319,3.72,0.1358,111.4,1.232,38.1974,55.9933,151.575,21.5,0.09281900300000001,0.005587328000000001,4.845633666,0.031510321,0.397657616,1.579500705,2.484184476,0.35828556200000006,Na-HCO3,Na-HCO3,Na-HCO3-Cl,Na-HCO3,Na-Ca-HCO3,Na-HCO3,Na-HCO3,Na-HCO3,Na-HCO3,Na-HCO3,Na-HCO3
175,OCPNO4498-130518,94.19,30.92,178.6,3.1260000000000003,87.223,54.3023,385.53,51.12,2.350167174,1.272166221,7.768673005,0.079952325,0.908043225,1.531799718,6.318506621,0.851886415,Na-HCO3,Na-HCO3,Na-HCO3,Na-HCO3,Na-HCO3,Na-HCO3,Na-HCO3,Na-HCO3,Na-HCO3,Na-HCO3,Na-HCO3
176,OCPNO4531-190415,42.58,12.81,34.61,1.71,25.817439999999998,15.2,174.9,13.2,1.062428265,0.5270520470000001,1.505452255,0.043735917,0.268774881,0.42877292,2.8664612560000005,0.219970671,Na-HCO3,Na-HCO3,Na-Ca-HCO3,Na-HCO3,Na-HCO3,Na-HCO3,Na-HCO3,Na-HCO3,Na-HCO3,Na-HCO3,Na-HCO3
177,OCPNO4621-150418,46.38,16.45,56.21,1.984,46.9397,28.5443,204.82,37.62,1.157243375,0.67681547,2.445000614,0.050743894000000005,0.488670151,0.8051988720000001,3.356824439,0.6269164110000001,Na-HCO3,Na-HCO3,Na-Ca-HCO3,Na-HCO3,Na-HCO3,Na-HCO3,Na-HCO3,Na-HCO3,Na-HCO3,Na-HCO3,Na-HCO3
178,OCPSU4693-180318,72.9776,20.7888,26.6683,2.3340400000000003,99.009,14.286,149.49,25.74,1.820889266,0.8553301790000001,1.160007292,0.059696713,1.0307424840000001,0.40299012700000003,2.450013111,0.42894280799999995,Ca-HCO3,Ca-HCO3,Ca-Na-HCO3-SO4,Ca-HCO3,Ca-HCO3,Ca-HCO3,Ca-HCO3,Ca-HCO3,Ca-HCO3,Ca-HCO3,Ca-HCO3
179,OCPSU4710-211012,83.87700000000001,12.98,518.264,38.94,99.04299999999999,92.31200000000001,683.1,59.4,2.092843954,0.534046492,22.54324494,0.9959512309999999,1.0310964440000001,2.6040056419999997,11.19542415,0.989868018,Na-HCO3,Na-HCO3,Na-HCO3,Na-HCO3,Na-HCO3,Na-HCO3,Na-HCO3,Na-HCO3,Na-HCO3,Na-HCO3,Na-HCO3
